date,filename
GMW000000058417001,
GMW000000058418001,
GMW000000058419001,
GMW000000058420001,
GMW000000058421001,
GMW000000058422001,
GMW000000047266001,
GMW000000063339000,
GMW000000063340001,
GMW000000063341001,
GMW000000074100001,
GMW000000074100002,
GMW000000074101001,
GMW000000074101002,
GMW000000074102001,
GMW000000074102002,
GMW000000075142001,
GMW000000075142002,
GMW000000075142003,
GMW000000075143003,
GMW000000075143002,
GMW000000075143001,
GMW000000075144002,
GMW000000075144001,
GMW000000075144003,
GMW000000075145003,
GMW000000075145002,
GMW000000075145001,
GMW000000075145004,
GMW000000078793001,
GMW000000078793002,
GMW000000078794002,
GMW000000078794001,
GMW000000078795002,
GMW000000078795001,
GMW000000078796002,
GMW000000078796001,
GMW000000078797002,
GMW000000078797001,
GMW000000078798002,
GMW000000078798001,
GMW000000080014002,
GMW000000080014001,
GMW000000080015001,
GMW000000080015002,
GMW000000026630001,
GMW000000034637001,
GMW000000034638001,
GMW000000034639001,
GMW000000034640001,
GMW000000035402001,
GMW000000035403001,
GMW000000035404001,
GMW000000035405001,
GMW000000035406001,
GMW000000035407001,
GMW000000035408001,
GMW000000035409001,
GMW000000035410001,
GMW000000035411001,
GMW000000035412001,
GMW000000035413001,
GMW000000035414001,
GMW000000035415001,
GMW000000035416001,
GMW000000035417001,
GMW000000035418001,
GMW000000035419001,
GMW000000035420001,
GMW000000035421001,
GMW000000035422001,
GMW000000035423001,
GMW000000035424001,
GMW000000035425001,
GMW000000035426001,
GMW000000035427001,
GMW000000035428001,
GMW000000035429001,
GMW000000035430001,
GMW000000035431001,
GMW000000035432001,
GMW000000035433001,
GMW000000035434001,
GMW000000035435001,
GMW000000035436001,
GMW000000035437001,
GMW000000035438001,
GMW000000035439001,
GMW000000035440001,
GMW000000035441001,
GMW000000035442001,
GMW000000035443001,
GMW000000035444001,
GMW000000035445001,
GMW000000035446001,
GMW000000035447001,
GMW000000035448001,
GMW000000035449001,
GMW000000035450001,
GMW000000035451001,
GMW000000035452001,
GMW000000035453001,
GMW000000035454001,
GMW000000035455001,
GMW000000035456001,
GMW000000035457001,
GMW000000035458001,
GMW000000035459001,
GMW000000035460001,
GMW000000035461001,
GMW000000035462001,
GMW000000035463001,
GMW000000035464001,
GMW000000035465001,
GMW000000035466001,
GMW000000035467001,
GMW000000035468001,
GMW000000035469001,
GMW000000035470001,
GMW000000035471001,
GMW000000035472001,
GMW000000035473001,
GMW000000035474001,
GMW000000035475001,
GMW000000035476001,
GMW000000035477001,
GMW000000035478001,
GMW000000035479001,
GMW000000035480001,
GMW000000035481001,
GMW000000035482001,
GMW000000035483001,
GMW000000035484001,
GMW000000035485001,
GMW000000035486001,
GMW000000035487001,
GMW000000035488001,
GMW000000035489001,
GMW000000035490001,
GMW000000035491001,
GMW000000035492001,
GMW000000035493001,
GMW000000035494001,
GMW000000035495001,
GMW000000035496001,
GMW000000035497001,
GMW000000035498001,
GMW000000035499001,
GMW000000035500001,
GMW000000035501001,
GMW000000035502001,
GMW000000035503001,
GMW000000035504001,
GMW000000035505001,
GMW000000035506001,
GMW000000035507001,
GMW000000035508001,
GMW000000035509001,
GMW000000035510001,
GMW000000035511001,
GMW000000035512001,
GMW000000035513001,
GMW000000035514001,
GMW000000035515001,
GMW000000035516001,
GMW000000035517001,
GMW000000035518001,
GMW000000035519001,
GMW000000035520001,
GMW000000035521001,
GMW000000035522001,
GMW000000035523001,
GMW000000035524001,
GMW000000035525001,
GMW000000035526001,
GMW000000035527001,
GMW000000035528001,
GMW000000035529001,
GMW000000035530001,
GMW000000035531001,
GMW000000035532001,
GMW000000035533001,
GMW000000035534001,
GMW000000035535001,
GMW000000035536001,
GMW000000035537001,
GMW000000035538001,
GMW000000035539001,
GMW000000035540001,
GMW000000035541001,
GMW000000035542001,
GMW000000035543001,
GMW000000035544001,
GMW000000035545001,
GMW000000035546001,
GMW000000035547001,
GMW000000035548001,
GMW000000035549001,
GMW000000035550001,
GMW000000035551001,
GMW000000035552001,
GMW000000035553001,
GMW000000035554001,
GMW000000035555001,
GMW000000035556001,
GMW000000035557001,
GMW000000035558001,
GMW000000035559001,
GMW000000035560001,
GMW000000035561001,
GMW000000035562001,
GMW000000035563001,
GMW000000035564001,
GMW000000035565001,
GMW000000035566001,
GMW000000035567001,
GMW000000035568001,
GMW000000035569001,
GMW000000035570001,
GMW000000035571001,
GMW000000035572001,
GMW000000035573001,
GMW000000035574001,
GMW000000035575001,
GMW000000035576001,
GMW000000035577001,
GMW000000035578001,
GMW000000035579001,
GMW000000035580001,
GMW000000035581001,
GMW000000035582001,
GMW000000035583001,
GMW000000035584001,
GMW000000035585001,
GMW000000035586001,
GMW000000035587001,
GMW000000035588001,
GMW000000035589001,
GMW000000035590001,
GMW000000035591001,
GMW000000035592001,
GMW000000035593001,
GMW000000035594001,
GMW000000035595001,
GMW000000035596001,
GMW000000035597001,
GMW000000035598001,
GMW000000035599001,
GMW000000035600001,
GMW000000035662001,
GMW000000035663001,
GMW000000035664001,
GMW000000035665001,
GMW000000035666001,
GMW000000035667001,
GMW000000035668001,
GMW000000035669001,
GMW000000035670001,
GMW000000035671001,
GMW000000035672001,
GMW000000035673001,
GMW000000035674001,
GMW000000035675001,
GMW000000035676001,
GMW000000035677001,
GMW000000035678001,
GMW000000035679001,
GMW000000035680001,
GMW000000035681001,
GMW000000035682001,
GMW000000035683001,
GMW000000035684001,
GMW000000035685001,
GMW000000035686001,
GMW000000035687001,
GMW000000035688001,
GMW000000035689001,
GMW000000035690001,
GMW000000035691001,
GMW000000035692001,
GMW000000035693001,
GMW000000035694001,
GMW000000035695001,
GMW000000035696001,
GMW000000035697001,
GMW000000035698001,
GMW000000035699001,
GMW000000035700001,
GMW000000035701001,
GMW000000035702001,
GMW000000035703001,
GMW000000035704001,
GMW000000035705001,
GMW000000035706001,
GMW000000035707001,
GMW000000035708001,
GMW000000035709001,
GMW000000035710001,
GMW000000035711001,
GMW000000035712001,
GMW000000035713001,
GMW000000035714001,
GMW000000035715001,
GMW000000035716001,
GMW000000035717001,
GMW000000035718001,
GMW000000035719001,
GMW000000035720001,
GMW000000035721001,
GMW000000035722001,
GMW000000035723001,
GMW000000035724001,
GMW000000035725001,
GMW000000035726001,
GMW000000035727001,
GMW000000035728001,
GMW000000035729001,
GMW000000035730001,
GMW000000035731001,
GMW000000035732001,
GMW000000035733001,
GMW000000035734001,
GMW000000035735001,
GMW000000035736001,
GMW000000035737001,
GMW000000035738001,
GMW000000035739001,
GMW000000035740001,
GMW000000035741001,
GMW000000035742001,
GMW000000035743001,
GMW000000035744001,
GMW000000035745001,
GMW000000035746001,
GMW000000035747001,
GMW000000035748001,
GMW000000035749001,
GMW000000035750001,
GMW000000035751001,
GMW000000035752001,
GMW000000035753001,
GMW000000035754001,
GMW000000035755001,
GMW000000035756001,
GMW000000035757001,
GMW000000035758001,
GMW000000035759001,
GMW000000035760001,
GMW000000035761001,
GMW000000035762001,
GMW000000035763001,
GMW000000035764001,
GMW000000035765001,
GMW000000035766001,
GMW000000035767001,
GMW000000035768001,
GMW000000035769001,
GMW000000035770001,
GMW000000035771001,
GMW000000035772001,
GMW000000035773001,
GMW000000035774001,
GMW000000035775001,
GMW000000035776001,
GMW000000035777001,
GMW000000035778001,
GMW000000035779001,
GMW000000035780001,
GMW000000035781001,
GMW000000035782001,
GMW000000035783001,
GMW000000035784001,
GMW000000035785001,
GMW000000035786001,
GMW000000035787001,
GMW000000035788001,
GMW000000035789001,
GMW000000035790001,
GMW000000035791001,
GMW000000035792001,
GMW000000035793001,
GMW000000035794001,
GMW000000035795001,
GMW000000035796001,
GMW000000035797001,
GMW000000035798001,
GMW000000035799001,
GMW000000035800001,
GMW000000035801001,
GMW000000035802001,
GMW000000035803001,
GMW000000035804001,
GMW000000035805001,
GMW000000035806001,
GMW000000035807001,
GMW000000035808001,
GMW000000035809001,
GMW000000035810001,
GMW000000035811001,
GMW000000035812001,
GMW000000035813001,
GMW000000035814001,
GMW000000035815001,
GMW000000035816001,
GMW000000035817001,
GMW000000035818001,
GMW000000035819001,
GMW000000035820001,
GMW000000035821001,
GMW000000035822001,
GMW000000035823001,
GMW000000035824001,
GMW000000035825001,
GMW000000035826001,
GMW000000035827001,
GMW000000035828001,
GMW000000035829001,
GMW000000035830001,
GMW000000035831001,
GMW000000035832001,
GMW000000035833001,
GMW000000035834001,
GMW000000035835001,
GMW000000035836001,
GMW000000035837001,
GMW000000035838001,
GMW000000035839001,
GMW000000035840001,
GMW000000035841001,
GMW000000035842001,
GMW000000035843001,
GMW000000035844001,
GMW000000035845001,
GMW000000035846001,
GMW000000035847001,
GMW000000035848001,
GMW000000035849001,
GMW000000035850001,
GMW000000035851001,
GMW000000035852001,
GMW000000035853001,
GMW000000035854001,
GMW000000035855001,
GMW000000035856001,
GMW000000035857001,
GMW000000035858001,
GMW000000035859001,
GMW000000035860001,
GMW000000035861001,
GMW000000035862001,
GMW000000035863001,
GMW000000035864001,
GMW000000035865001,
GMW000000035866001,
GMW000000035867001,
GMW000000035868001,
GMW000000035869001,
GMW000000035870001,
GMW000000035871001,
GMW000000035872001,
GMW000000035873001,
GMW000000035874001,
GMW000000035875001,
GMW000000035876001,
GMW000000035877001,
GMW000000035878001,
GMW000000035879001,
GMW000000035880001,
GMW000000035881001,
GMW000000035882001,
GMW000000035883001,
GMW000000035884001,
GMW000000035885001,
GMW000000035886001,
GMW000000035887001,
GMW000000035888001,
GMW000000035889001,
GMW000000035890001,
GMW000000035891001,
GMW000000035892001,
GMW000000035893001,
GMW000000035894001,
GMW000000035895001,
GMW000000035896001,
GMW000000035897001,
GMW000000035898001,
GMW000000035899001,
GMW000000035900001,
GMW000000035901001,
GMW000000035902001,
GMW000000035903001,
GMW000000035904001,
GMW000000035905001,
GMW000000035906001,
GMW000000035907001,
GMW000000035908001,
GMW000000035909001,
GMW000000035910001,
GMW000000035911001,
GMW000000035912001,
GMW000000035913001,
GMW000000035914001,
GMW000000035915001,
GMW000000035916001,
GMW000000035917001,
GMW000000035918001,
GMW000000035919001,
GMW000000035920001,
GMW000000035921001,
GMW000000035922001,
GMW000000035923001,
GMW000000035924001,
GMW000000035925001,
GMW000000035926001,
GMW000000035927001,
GMW000000035928001,
GMW000000035929001,
GMW000000035930001,
GMW000000035931001,
GMW000000035932001,
GMW000000035933001,
GMW000000035934001,
GMW000000035935001,
GMW000000035936001,
GMW000000035937001,
GMW000000035938001,
GMW000000035939001,
GMW000000035940001,
GMW000000035941001,
GMW000000035942001,
GMW000000035943001,
GMW000000035944001,
GMW000000035945001,
GMW000000035946001,
GMW000000035947001,
GMW000000035948001,
GMW000000035949001,
GMW000000035950001,
GMW000000035951001,
GMW000000035952001,
GMW000000035953001,
GMW000000035954001,
GMW000000035955001,
GMW000000035956001,
GMW000000035957001,
GMW000000035958001,
GMW000000035959001,
GMW000000035960001,
GMW000000035961001,
GMW000000035962001,
GMW000000035963001,
GMW000000035964001,
GMW000000035965001,
GMW000000035966001,
GMW000000035967001,
GMW000000035968001,
GMW000000035969001,
GMW000000035970001,
GMW000000035971001,
GMW000000035972001,
GMW000000035973001,
GMW000000035974001,
GMW000000035975001,
GMW000000035976001,
GMW000000035977001,
GMW000000035978001,
GMW000000035979001,
GMW000000035980001,
GMW000000035981001,
GMW000000035982001,
GMW000000035983001,
GMW000000035984001,
GMW000000035985001,
GMW000000035986001,
GMW000000035987001,
GMW000000035988001,
GMW000000035989001,
GMW000000035990001,
GMW000000035991001,
GMW000000035992001,
GMW000000035993001,
GMW000000035994001,
GMW000000035995001,
GMW000000035996001,
GMW000000035997001,
GMW000000035998001,
GMW000000035999001,
GMW000000036000001,
GMW000000036001001,
GMW000000036002001,
GMW000000036003001,
GMW000000036004001,
GMW000000036005001,
GMW000000036006001,
GMW000000036007001,
GMW000000036008001,
GMW000000036009001,
GMW000000036010001,
GMW000000036011001,
GMW000000036012001,
GMW000000036013001,
GMW000000036014001,
GMW000000036015001,
GMW000000036016001,
GMW000000036017001,
GMW000000036018001,
GMW000000036019001,
GMW000000036020001,
GMW000000036021001,
GMW000000036022001,
GMW000000036023001,
GMW000000036024001,
GMW000000036025001,
GMW000000036026001,
GMW000000036027001,
GMW000000036028001,
GMW000000036029001,
GMW000000036030001,
GMW000000036031001,
GMW000000036032001,
GMW000000036033001,
GMW000000036034001,
GMW000000036035001,
GMW000000036036001,
GMW000000036037001,
GMW000000036038001,
GMW000000036039001,
GMW000000036040001,
GMW000000036041001,
GMW000000036042001,
GMW000000036043001,
GMW000000036044001,
GMW000000036045001,
GMW000000036046001,
GMW000000036047001,
GMW000000036048001,
GMW000000036049001,
GMW000000036050001,
GMW000000036051001,
GMW000000036052001,
GMW000000036053001,
GMW000000036054001,
GMW000000036055001,
GMW000000036056001,
GMW000000036057001,
GMW000000036058001,
GMW000000036059001,
GMW000000036060001,
GMW000000036061001,
GMW000000036071001,
GMW000000036072001,
GMW000000036073001,
GMW000000036074001,
GMW000000036075001,
GMW000000036076001,
GMW000000036077001,
GMW000000036078001,
GMW000000036079001,
GMW000000036080001,
GMW000000036081001,
GMW000000036082001,
GMW000000036083001,
GMW000000036084001,
GMW000000036085001,
GMW000000036086001,
GMW000000036087001,
GMW000000036088001,
GMW000000036089001,
GMW000000036090001,
GMW000000036091001,
GMW000000036092001,
GMW000000036093001,
GMW000000036094001,
GMW000000036095001,
GMW000000036096001,
GMW000000036097001,
GMW000000036098001,
GMW000000036099001,
GMW000000036100001,
GMW000000036101001,
GMW000000036102001,
GMW000000036103001,
GMW000000036104001,
GMW000000036105001,
GMW000000036106001,
GMW000000036107001,
GMW000000036108001,
GMW000000036109001,
GMW000000036110001,
GMW000000036111001,
GMW000000036112001,
GMW000000036113001,
GMW000000036114001,
GMW000000036115001,
GMW000000036116001,
GMW000000036117001,
GMW000000036118001,
GMW000000036119001,
GMW000000036120001,
GMW000000036121001,
GMW000000036122001,
GMW000000036123001,
GMW000000036124001,
GMW000000036125001,
GMW000000036126001,
GMW000000036127001,
GMW000000036128001,
GMW000000036129001,
GMW000000036130001,
GMW000000036131001,
GMW000000036132001,
GMW000000036133001,
GMW000000036142001,
GMW000000036143001,
GMW000000036144001,
GMW000000036145001,
GMW000000036146001,
GMW000000036147001,
GMW000000036148001,
GMW000000036149001,
GMW000000036150001,
GMW000000036151001,
GMW000000036152001,
GMW000000036153001,
GMW000000036154001,
GMW000000036155001,
GMW000000036156001,
GMW000000036157001,
GMW000000036158001,
GMW000000036159001,
GMW000000036160001,
GMW000000036161001,
GMW000000036162001,
GMW000000036163001,
GMW000000036164001,
GMW000000036165001,
GMW000000036166001,
GMW000000036167001,
GMW000000036168001,
GMW000000036169001,
GMW000000036170001,
GMW000000036171001,
GMW000000036172001,
GMW000000036173001,
GMW000000036174001,
GMW000000036175001,
GMW000000036176001,
GMW000000036177001,
GMW000000036178001,
GMW000000036179001,
GMW000000036180001,
GMW000000036181001,
GMW000000036182001,
GMW000000036183001,
GMW000000036184001,
GMW000000036185001,
GMW000000036186001,
GMW000000036187001,
GMW000000036188001,
GMW000000036189001,
GMW000000036190001,
GMW000000036191001,
GMW000000036192001,
GMW000000036193001,
GMW000000036194001,
GMW000000036195001,
GMW000000036196001,
GMW000000036197001,
GMW000000036198001,
GMW000000036199001,
GMW000000036200001,
GMW000000036201001,
GMW000000036202001,
GMW000000036203001,
GMW000000036204001,
GMW000000036205001,
GMW000000036206001,
GMW000000036207001,
GMW000000036208001,
GMW000000036209001,
GMW000000036210001,
GMW000000036211001,
GMW000000036212001,
GMW000000036213001,
GMW000000036214001,
GMW000000036215001,
GMW000000036216001,
GMW000000036217001,
GMW000000036218001,
GMW000000036219001,
GMW000000036220001,
GMW000000036221001,
GMW000000036222001,
GMW000000036223001,
GMW000000036224001,
GMW000000036225001,
GMW000000036226001,
GMW000000036227001,
GMW000000036228001,
GMW000000036229001,
GMW000000036230001,
GMW000000036231001,
GMW000000036232001,
GMW000000036233001,
GMW000000036234001,
GMW000000036235001,
GMW000000036236001,
GMW000000036237001,
GMW000000036238001,
GMW000000036239001,
GMW000000036240001,
GMW000000036241001,
GMW000000036242001,
GMW000000036243001,
GMW000000036244001,
GMW000000036245001,
GMW000000036246001,
GMW000000036247001,
GMW000000036248001,
GMW000000036249001,
GMW000000036250001,
GMW000000036251001,
GMW000000036252001,
GMW000000036253001,
GMW000000036254001,
GMW000000036255001,
GMW000000036256001,
GMW000000036257001,
GMW000000036258001,
GMW000000036259001,
GMW000000036260001,
GMW000000036261001,
GMW000000036262001,
GMW000000036263001,
GMW000000036264001,
GMW000000036265001,
GMW000000036266001,
GMW000000036267001,
GMW000000036268001,
GMW000000036269001,
GMW000000036270001,
GMW000000036271001,
GMW000000036272001,
GMW000000036273001,
GMW000000036274001,
GMW000000036275001,
GMW000000036276001,
GMW000000036277001,
GMW000000036278001,
GMW000000036441001,
GMW000000036442001,
GMW000000036443001,
GMW000000036444001,
GMW000000036445001,
GMW000000036446001,
GMW000000036447001,
GMW000000036448001,
GMW000000036449001,
GMW000000036450001,
GMW000000036451001,
GMW000000036452001,
GMW000000036453001,
GMW000000036454001,
GMW000000036455001,
GMW000000036456001,
GMW000000036457001,
GMW000000036458001,
GMW000000036459001,
GMW000000036460001,
GMW000000036461001,
GMW000000036462001,
GMW000000036463001,
GMW000000036464001,
GMW000000036465001,
GMW000000036466001,
GMW000000036467001,
GMW000000036468001,
GMW000000036469001,
GMW000000036470001,
GMW000000036471001,
GMW000000036472001,
GMW000000036473001,
GMW000000036474001,
GMW000000036475001,
GMW000000036476001,
GMW000000036477001,
GMW000000036478001,
GMW000000036479001,
GMW000000036480001,
GMW000000036481001,
GMW000000036482001,
GMW000000036483001,
GMW000000036484001,
GMW000000036485001,
GMW000000036486001,
GMW000000036487001,
GMW000000036488001,
GMW000000036489001,
GMW000000036490001,
GMW000000036491001,
GMW000000036492001,
GMW000000036493001,
GMW000000036494001,
GMW000000036495001,
GMW000000036496001,
GMW000000036497001,
GMW000000036498001,
GMW000000036499001,
GMW000000036500001,
GMW000000036501001,
GMW000000036502001,
GMW000000036503001,
GMW000000036504001,
GMW000000036505001,
GMW000000036506001,
GMW000000036507001,
GMW000000036508001,
GMW000000036509001,
GMW000000036510001,
GMW000000036511001,
GMW000000036512001,
GMW000000036513001,
GMW000000036514001,
GMW000000036515001,
GMW000000036516001,
GMW000000036517001,
GMW000000036518001,
GMW000000036519001,
GMW000000036520001,
GMW000000036521001,
GMW000000036522001,
GMW000000036523001,
GMW000000036524001,
GMW000000036525001,
GMW000000036526001,
GMW000000036527001,
GMW000000036528001,
GMW000000036529001,
GMW000000036530001,
GMW000000036531001,
GMW000000036532001,
GMW000000036533001,
GMW000000036534001,
GMW000000036535001,
GMW000000036536001,
GMW000000036537001,
GMW000000036538001,
GMW000000036539001,
GMW000000036540001,
GMW000000036541001,
GMW000000036542001,
GMW000000036543001,
GMW000000036544001,
GMW000000036545001,
GMW000000036546001,
GMW000000036547001,
GMW000000036548001,
GMW000000036549001,
GMW000000036550001,
GMW000000036551001,
GMW000000036552001,
GMW000000036553001,
GMW000000036554001,
GMW000000036555001,
GMW000000036556001,
GMW000000036557001,
GMW000000036558001,
GMW000000036559001,
GMW000000036560001,
GMW000000036561001,
GMW000000036562001,
GMW000000036563001,
GMW000000036564001,
GMW000000036565001,
GMW000000036566001,
GMW000000036567001,
GMW000000036568001,
GMW000000036569001,
GMW000000036570001,
GMW000000036571001,
GMW000000036572001,
GMW000000036573001,
GMW000000036574001,
GMW000000036575001,
GMW000000036576001,
GMW000000036577001,
GMW000000036578001,
GMW000000036579001,
GMW000000036580001,
GMW000000036581001,
GMW000000036582001,
GMW000000036583001,
GMW000000036584001,
GMW000000036585001,
GMW000000036586001,
GMW000000036587001,
GMW000000036588001,
GMW000000036589001,
GMW000000036590001,
GMW000000036591001,
GMW000000036592001,
GMW000000036593001,
GMW000000036594001,
GMW000000036595001,
GMW000000036596001,
GMW000000036597001,
GMW000000036598001,
GMW000000036599001,
GMW000000036600001,
GMW000000036601001,
GMW000000036602001,
GMW000000036603001,
GMW000000036604001,
GMW000000036605001,
GMW000000036606001,
GMW000000036607001,
GMW000000036608001,
GMW000000036609001,
GMW000000036610001,
GMW000000036611001,
GMW000000036612001,
GMW000000036613001,
GMW000000036614001,
GMW000000036615001,
GMW000000036616001,
GMW000000036617001,
GMW000000036618001,
GMW000000036619001,
GMW000000036620001,
GMW000000036621001,
GMW000000036622001,
GMW000000036623001,
GMW000000036624001,
GMW000000036625001,
GMW000000036626001,
GMW000000036627001,
GMW000000036628001,
GMW000000036629001,
GMW000000036630001,
GMW000000036631001,
GMW000000036632001,
GMW000000036633001,
GMW000000036634001,
GMW000000036635001,
GMW000000036636001,
GMW000000036637001,
GMW000000036638001,
GMW000000036639001,
GMW000000036642001,
GMW000000036643001,
GMW000000036644001,
GMW000000036645001,
GMW000000036646001,
GMW000000036647001,
GMW000000036648001,
GMW000000036649001,
GMW000000036650001,
GMW000000036651001,
GMW000000036652001,
GMW000000036653001,
GMW000000036654001,
GMW000000036655001,
GMW000000036656001,
GMW000000036657001,
GMW000000036658001,
GMW000000036659001,
GMW000000036660001,
GMW000000036661001,
GMW000000036662001,
GMW000000036663001,
GMW000000036664001,
GMW000000036665001,
GMW000000036666001,
GMW000000036667001,
GMW000000036668001,
GMW000000036669001,
GMW000000036670001,
GMW000000036671001,
GMW000000036672001,
GMW000000036673001,
GMW000000036674001,
GMW000000036675001,
GMW000000036676001,
GMW000000036677001,
GMW000000036678001,
GMW000000036679001,
GMW000000036680001,
GMW000000036681001,
GMW000000036682001,
GMW000000036683001,
GMW000000036684001,
GMW000000036685001,
GMW000000036686001,
GMW000000036687001,
GMW000000036688001,
GMW000000036689001,
GMW000000036690001,
GMW000000036691001,
GMW000000036692001,
GMW000000036693001,
GMW000000036694001,
GMW000000036695001,
GMW000000036696001,
GMW000000036697001,
GMW000000036698001,
GMW000000036699001,
GMW000000036700001,
GMW000000036701001,
GMW000000036702001,
GMW000000036703001,
GMW000000036704001,
GMW000000036705001,
GMW000000036706001,
GMW000000036707001,
GMW000000036708001,
GMW000000036709001,
GMW000000036710001,
GMW000000036711001,
GMW000000036712001,
GMW000000036713001,
GMW000000036714001,
GMW000000036715001,
GMW000000036716001,
GMW000000036717001,
GMW000000036718001,
GMW000000036719001,
GMW000000036720001,
GMW000000036721001,
GMW000000036722001,
GMW000000036723001,
GMW000000036724001,
GMW000000036725001,
GMW000000036726001,
GMW000000036727001,
GMW000000036728001,
GMW000000036729001,
GMW000000036730001,
GMW000000036731001,
GMW000000036732001,
GMW000000036733001,
GMW000000036734001,
GMW000000036735001,
GMW000000036736001,
GMW000000036737001,
GMW000000036738001,
GMW000000036739001,
GMW000000036740001,
GMW000000036741001,
GMW000000036742001,
GMW000000036743001,
GMW000000036744001,
GMW000000036745001,
GMW000000036746001,
GMW000000036747001,
GMW000000036748001,
GMW000000036749001,
GMW000000036750001,
GMW000000036751001,
GMW000000036752001,
GMW000000036753001,
GMW000000036754001,
GMW000000036755001,
GMW000000036756001,
GMW000000036757001,
GMW000000036758001,
GMW000000036759001,
GMW000000036760001,
GMW000000036761001,
GMW000000036762001,
GMW000000036763001,
GMW000000036764001,
GMW000000036765001,
GMW000000036766001,
GMW000000036767001,
GMW000000036768001,
GMW000000036769001,
GMW000000036770001,
GMW000000036771001,
GMW000000036772001,
GMW000000036773001,
GMW000000036774001,
GMW000000036775001,
GMW000000036776001,
GMW000000036777001,
GMW000000036778001,
GMW000000036779001,
GMW000000036780001,
GMW000000036781001,
GMW000000036782001,
GMW000000036783001,
GMW000000036784001,
GMW000000036785001,
GMW000000036786001,
GMW000000036787001,
GMW000000036788001,
GMW000000036789001,
GMW000000036790001,
GMW000000036791001,
GMW000000036792001,
GMW000000036793001,
GMW000000036794001,
GMW000000036795001,
GMW000000036796001,
GMW000000036797001,
GMW000000036798001,
GMW000000036799001,
GMW000000036800001,
GMW000000036801001,
GMW000000036802001,
GMW000000036803001,
GMW000000036804001,
GMW000000036805001,
GMW000000036806001,
GMW000000036807001,
GMW000000036808001,
GMW000000036809001,
GMW000000036810001,
GMW000000036811001,
GMW000000036812001,
GMW000000036813001,
GMW000000036814001,
GMW000000036815001,
GMW000000036816001,
GMW000000036817001,
GMW000000036818001,
GMW000000036819001,
GMW000000036820001,
GMW000000036821001,
GMW000000036822001,
GMW000000036823001,
GMW000000036824001,
GMW000000036825001,
GMW000000036826001,
GMW000000036827001,
GMW000000036828001,
GMW000000036829001,
GMW000000036830001,
GMW000000036831001,
GMW000000036832001,
GMW000000036833001,
GMW000000036834001,
GMW000000036835001,
GMW000000036836001,
GMW000000036837001,
GMW000000036838001,
GMW000000036839001,
GMW000000036842001,
GMW000000036843001,
GMW000000036844001,
GMW000000036845001,
GMW000000036846001,
GMW000000036847001,
GMW000000036848001,
GMW000000036849001,
GMW000000036850001,
GMW000000036851001,
GMW000000036852001,
GMW000000036853001,
GMW000000036854001,
GMW000000036855001,
GMW000000036856001,
GMW000000036857001,
GMW000000036858001,
GMW000000036859001,
GMW000000036860001,
GMW000000036861001,
GMW000000036862001,
GMW000000036863001,
GMW000000036864001,
GMW000000036865001,
GMW000000036866001,
GMW000000036867001,
GMW000000036868001,
GMW000000036869001,
GMW000000036870001,
GMW000000036871001,
GMW000000036872001,
GMW000000036873001,
GMW000000036874001,
GMW000000036875001,
GMW000000036877001,
GMW000000036878001,
GMW000000036879001,
GMW000000036880001,
GMW000000036881001,
GMW000000036882001,
GMW000000036883001,
GMW000000036884001,
GMW000000036885001,
GMW000000036886001,
GMW000000036887001,
GMW000000036888001,
GMW000000036889001,
GMW000000036890001,
GMW000000036891001,
GMW000000036892001,
GMW000000036893001,
GMW000000036894001,
GMW000000036895001,
GMW000000036896001,
GMW000000036897001,
GMW000000036898001,
GMW000000036899001,
GMW000000036900001,
GMW000000036901001,
GMW000000036902001,
GMW000000036903001,
GMW000000036904001,
GMW000000036905001,
GMW000000036906001,
GMW000000036907001,
GMW000000036908001,
GMW000000036909001,
GMW000000036910001,
GMW000000036911001,
GMW000000036912001,
GMW000000036913001,
GMW000000036914001,
GMW000000036915001,
GMW000000036916001,
GMW000000036917001,
GMW000000036918001,
GMW000000036919001,
GMW000000036920001,
GMW000000036921001,
GMW000000036922001,
GMW000000036923001,
GMW000000036924001,
GMW000000036925001,
GMW000000036926001,
GMW000000036927001,
GMW000000036928001,
GMW000000036929001,
GMW000000036930001,
GMW000000036931001,
GMW000000036932001,
GMW000000036933001,
GMW000000036934001,
GMW000000036935001,
GMW000000036936001,
GMW000000036937001,
GMW000000036938001,
GMW000000036939001,
GMW000000036940001,
GMW000000036941001,
GMW000000036942001,
GMW000000036943001,
GMW000000036944001,
GMW000000036945001,
GMW000000036946001,
GMW000000036947001,
GMW000000036948001,
GMW000000036949001,
GMW000000036950001,
GMW000000036951001,
GMW000000036952001,
GMW000000036953001,
GMW000000036954001,
GMW000000036955001,
GMW000000036956001,
GMW000000036957001,
GMW000000036958001,
GMW000000036959001,
GMW000000036960001,
GMW000000036961001,
GMW000000036962001,
GMW000000036963001,
GMW000000036964001,
GMW000000036965001,
GMW000000036966001,
GMW000000036967001,
GMW000000036968001,
GMW000000036969001,
GMW000000036970001,
GMW000000036971001,
GMW000000036972001,
GMW000000036973001,
GMW000000036974001,
GMW000000036975001,
GMW000000036976001,
GMW000000036977001,
GMW000000036978001,
GMW000000036979001,
GMW000000036980001,
GMW000000036981001,
GMW000000036982001,
GMW000000036983001,
GMW000000036984001,
GMW000000036985001,
GMW000000036986001,
GMW000000036987001,
GMW000000036988001,
GMW000000036989001,
GMW000000036990001,
GMW000000036991001,
GMW000000036992001,
GMW000000036993001,
GMW000000036994001,
GMW000000036995001,
GMW000000036996001,
GMW000000036997001,
GMW000000036998001,
GMW000000036999001,
GMW000000037000001,
GMW000000037001001,
GMW000000037002001,
GMW000000037003001,
GMW000000037004001,
GMW000000037005001,
GMW000000037006001,
GMW000000037007001,
GMW000000037008001,
GMW000000037009001,
GMW000000037010001,
GMW000000037011001,
GMW000000037012001,
GMW000000037013001,
GMW000000037014001,
GMW000000037015001,
GMW000000037016001,
GMW000000037017001,
GMW000000037018001,
GMW000000037019001,
GMW000000037020001,
GMW000000037021001,
GMW000000037022001,
GMW000000037023001,
GMW000000037024001,
GMW000000037025001,
GMW000000037026001,
GMW000000037027001,
GMW000000037028001,
GMW000000037029001,
GMW000000037030001,
GMW000000037031001,
GMW000000037032001,
GMW000000037033001,
GMW000000037034001,
GMW000000037035001,
GMW000000037036001,
GMW000000037037001,
GMW000000037038001,
GMW000000037039001,
GMW000000037040001,
GMW000000037294001,
GMW000000037295001,
GMW000000037296001,
GMW000000037297001,
GMW000000037298001,
GMW000000037299001,
GMW000000037300001,
GMW000000037301001,
GMW000000037302001,
GMW000000037303001,
GMW000000037304001,
GMW000000037305001,
GMW000000037306001,
GMW000000037307001,
GMW000000037308001,
GMW000000037309001,
GMW000000037310001,
GMW000000037311001,
GMW000000037312001,
GMW000000037313001,
GMW000000037314001,
GMW000000037315001,
GMW000000037316001,
GMW000000037317001,
GMW000000037318001,
GMW000000037319001,
GMW000000037320001,
GMW000000037321001,
GMW000000037322001,
GMW000000037323001,
GMW000000037324001,
GMW000000037325001,
GMW000000037326001,
GMW000000037327001,
GMW000000037328001,
GMW000000037329001,
GMW000000037330001,
GMW000000037331001,
GMW000000037332001,
GMW000000037333001,
GMW000000037334001,
GMW000000037335001,
GMW000000037336001,
GMW000000037337001,
GMW000000037338001,
GMW000000037339001,
GMW000000037340001,
GMW000000037341001,
GMW000000037342001,
GMW000000037343001,
GMW000000037344001,
GMW000000037345001,
GMW000000037346001,
GMW000000037347001,
GMW000000037348001,
GMW000000037349001,
GMW000000037350001,
GMW000000037351001,
GMW000000037352001,
GMW000000037353001,
GMW000000037354001,
GMW000000037355001,
GMW000000037356001,
GMW000000037357001,
GMW000000037358001,
GMW000000037359001,
GMW000000037360001,
GMW000000037361001,
GMW000000037362001,
GMW000000037363001,
GMW000000037364001,
GMW000000037365001,
GMW000000037366001,
GMW000000037367001,
GMW000000037368001,
GMW000000037369001,
GMW000000037370001,
GMW000000037371001,
GMW000000037372001,
GMW000000037373001,
GMW000000037374001,
GMW000000037375001,
GMW000000037376001,
GMW000000037377001,
GMW000000037378001,
GMW000000037379001,
GMW000000037380001,
GMW000000037381001,
GMW000000037382001,
GMW000000037383001,
GMW000000037384001,
GMW000000037385001,
GMW000000037386001,
GMW000000037387001,
GMW000000037388001,
GMW000000037389001,
GMW000000037390001,
GMW000000037391001,
GMW000000037392001,
GMW000000037393001,
GMW000000037394001,
GMW000000037395001,
GMW000000037396001,
GMW000000037397001,
GMW000000037398001,
GMW000000037399001,
GMW000000037400001,
GMW000000037401001,
GMW000000037402001,
GMW000000037403001,
GMW000000037404001,
GMW000000037405001,
GMW000000037406001,
GMW000000037407001,
GMW000000037408001,
GMW000000037409001,
GMW000000037410001,
GMW000000037411001,
GMW000000037412001,
GMW000000037413001,
GMW000000037414001,
GMW000000037415001,
GMW000000037416001,
GMW000000037417001,
GMW000000037418001,
GMW000000037419001,
GMW000000037420001,
GMW000000037421001,
GMW000000037422001,
GMW000000037423001,
GMW000000037424001,
GMW000000037425001,
GMW000000037426001,
GMW000000037427001,
GMW000000037428001,
GMW000000037429001,
GMW000000037430001,
GMW000000037431001,
GMW000000037432001,
GMW000000037433001,
GMW000000037434001,
GMW000000037435001,
GMW000000037436001,
GMW000000037437001,
GMW000000037438001,
GMW000000037439001,
GMW000000037440001,
GMW000000037441001,
GMW000000037442001,
GMW000000037443001,
GMW000000037444001,
GMW000000037445001,
GMW000000037446001,
GMW000000037447001,
GMW000000037448001,
GMW000000037449001,
GMW000000037450001,
GMW000000037451001,
GMW000000037452001,
GMW000000037453001,
GMW000000037454001,
GMW000000037455001,
GMW000000037456001,
GMW000000037457001,
GMW000000037458001,
GMW000000037459001,
GMW000000037460001,
GMW000000037461001,
GMW000000037462001,
GMW000000037463001,
GMW000000037464001,
GMW000000037465001,
GMW000000037466001,
GMW000000037467001,
GMW000000037468001,
GMW000000037469001,
GMW000000037470001,
GMW000000037471001,
GMW000000037472001,
GMW000000037473001,
GMW000000037474001,
GMW000000037475001,
GMW000000037476001,
GMW000000037477001,
GMW000000037478001,
GMW000000037479001,
GMW000000037480001,
GMW000000037481001,
GMW000000037482001,
GMW000000037483001,
GMW000000037484001,
GMW000000037485001,
GMW000000037486001,
GMW000000037487001,
GMW000000037488001,
GMW000000037489001,
GMW000000037490001,
GMW000000037491001,
GMW000000037845001,
GMW000000037846001,
GMW000000037847001,
GMW000000037848001,
GMW000000037849001,
GMW000000037850001,
GMW000000037851001,
GMW000000037852001,
GMW000000037853001,
GMW000000037854001,
GMW000000037855001,
GMW000000037856001,
GMW000000037857001,
GMW000000037858001,
GMW000000037859001,
GMW000000037860001,
GMW000000037861001,
GMW000000037862001,
GMW000000037863001,
GMW000000037864001,
GMW000000037865001,
GMW000000037866001,
GMW000000037867001,
GMW000000037868001,
GMW000000037869001,
GMW000000037870001,
GMW000000037871001,
GMW000000037872001,
GMW000000037873001,
GMW000000037874001,
GMW000000037875001,
GMW000000037876001,
GMW000000037877001,
GMW000000037878001,
GMW000000037879001,
GMW000000037880001,
GMW000000037881001,
GMW000000037882001,
GMW000000037883001,
GMW000000037884001,
GMW000000037885001,
GMW000000037886001,
GMW000000037887001,
GMW000000037888001,
GMW000000037889001,
GMW000000037890001,
GMW000000037891001,
GMW000000037892001,
GMW000000037893001,
GMW000000037894001,
GMW000000037895001,
GMW000000037896001,
GMW000000037897001,
GMW000000037898001,
GMW000000037899001,
GMW000000037900001,
GMW000000037901001,
GMW000000037902001,
GMW000000037903001,
GMW000000037904001,
GMW000000037905001,
GMW000000037906001,
GMW000000037907001,
GMW000000037908001,
GMW000000037909001,
GMW000000037910001,
GMW000000037911001,
GMW000000037912001,
GMW000000037913001,
GMW000000037914001,
GMW000000037915001,
GMW000000037916001,
GMW000000037917001,
GMW000000037918001,
GMW000000037919001,
GMW000000037920001,
GMW000000037921001,
GMW000000037922001,
GMW000000037923001,
GMW000000037924001,
GMW000000037925001,
GMW000000037926001,
GMW000000037927001,
GMW000000037928001,
GMW000000037929001,
GMW000000037930001,
GMW000000037931001,
GMW000000037932001,
GMW000000037933001,
GMW000000037934001,
GMW000000037935001,
GMW000000037936001,
GMW000000037937001,
GMW000000037938001,
GMW000000037939001,
GMW000000037940001,
GMW000000037941001,
GMW000000037942001,
GMW000000037943001,
GMW000000037944001,
GMW000000037945001,
GMW000000037946001,
GMW000000037947001,
GMW000000037948001,
GMW000000037949001,
GMW000000037950001,
GMW000000037951001,
GMW000000037952001,
GMW000000037953001,
GMW000000037954001,
GMW000000037955001,
GMW000000037956001,
GMW000000037957001,
GMW000000037958001,
GMW000000037959001,
GMW000000037960001,
GMW000000037961001,
GMW000000037962001,
GMW000000037963001,
GMW000000037964001,
GMW000000037965001,
GMW000000037966001,
GMW000000037967001,
GMW000000037968001,
GMW000000037969001,
GMW000000037970001,
GMW000000037971001,
GMW000000037972001,
GMW000000037973001,
GMW000000037974001,
GMW000000037975001,
GMW000000037976001,
GMW000000037977001,
GMW000000037978001,
GMW000000037979001,
GMW000000037980001,
GMW000000037981001,
GMW000000037982001,
GMW000000037983001,
GMW000000037984001,
GMW000000037985001,
GMW000000037986001,
GMW000000037987001,
GMW000000037988001,
GMW000000037989001,
GMW000000037990001,
GMW000000037991001,
GMW000000037992001,
GMW000000037993001,
GMW000000037994001,
GMW000000037995001,
GMW000000037996001,
GMW000000037997001,
GMW000000037998001,
GMW000000037999001,
GMW000000038000001,
GMW000000038001001,
GMW000000038002001,
GMW000000038003001,
GMW000000038004001,
GMW000000038005001,
GMW000000038006001,
GMW000000038007001,
GMW000000038008001,
GMW000000038009001,
GMW000000038010001,
GMW000000038011001,
GMW000000038012001,
GMW000000038013001,
GMW000000038014001,
GMW000000038015001,
GMW000000038016001,
GMW000000038017001,
GMW000000038018001,
GMW000000038019001,
GMW000000038020001,
GMW000000038021001,
GMW000000038022001,
GMW000000038023001,
GMW000000038024001,
GMW000000038025001,
GMW000000038026001,
GMW000000038027001,
GMW000000038028001,
GMW000000038029001,
GMW000000038030001,
GMW000000038031001,
GMW000000038032001,
GMW000000038033001,
GMW000000038034001,
GMW000000038035001,
GMW000000038036001,
GMW000000038037001,
GMW000000038038001,
GMW000000038039001,
GMW000000038040001,
GMW000000038041001,
GMW000000038042001,
GMW000000038082001,
GMW000000038083001,
GMW000000038084001,
GMW000000038085001,
GMW000000038086001,
GMW000000038087001,
GMW000000038088001,
GMW000000038089001,
GMW000000038090001,
GMW000000038091001,
GMW000000038092001,
GMW000000038093001,
GMW000000038094001,
GMW000000038095001,
GMW000000038096001,
GMW000000038097001,
GMW000000038098001,
GMW000000038099001,
GMW000000038100001,
GMW000000038101001,
GMW000000038102001,
GMW000000038103001,
GMW000000038104001,
GMW000000038105001,
GMW000000038106001,
GMW000000038107001,
GMW000000038108001,
GMW000000038109001,
GMW000000038110001,
GMW000000038111001,
GMW000000038112001,
GMW000000038113001,
GMW000000038114001,
GMW000000038115001,
GMW000000038116001,
GMW000000038117001,
GMW000000038118001,
GMW000000038119001,
GMW000000038120001,
GMW000000038121001,
GMW000000038122001,
GMW000000038123001,
GMW000000038124001,
GMW000000038125001,
GMW000000038126001,
GMW000000038127001,
GMW000000038128001,
GMW000000038129001,
GMW000000038130001,
GMW000000038131001,
GMW000000038132001,
GMW000000038133001,
GMW000000038134001,
GMW000000038135001,
GMW000000038136001,
GMW000000038137001,
GMW000000038138001,
GMW000000038139001,
GMW000000038140001,
GMW000000038141001,
GMW000000038142001,
GMW000000038143001,
GMW000000038144001,
GMW000000038145001,
GMW000000038146001,
GMW000000038147001,
GMW000000038148001,
GMW000000038149001,
GMW000000038150001,
GMW000000038151001,
GMW000000038152001,
GMW000000038153001,
GMW000000038154001,
GMW000000038155001,
GMW000000038156001,
GMW000000038157001,
GMW000000038158001,
GMW000000038159001,
GMW000000038160001,
GMW000000038161001,
GMW000000038162001,
GMW000000038163001,
GMW000000038164001,
GMW000000038165001,
GMW000000038166001,
GMW000000038167001,
GMW000000038168001,
GMW000000038169001,
GMW000000038170001,
GMW000000038171001,
GMW000000038172001,
GMW000000038173001,
GMW000000038174001,
GMW000000038175001,
GMW000000038176001,
GMW000000038177001,
GMW000000038178001,
GMW000000038179001,
GMW000000038180001,
GMW000000038181001,
GMW000000038182001,
GMW000000038183001,
GMW000000038184001,
GMW000000038185001,
GMW000000038186001,
GMW000000038187001,
GMW000000038188001,
GMW000000038189001,
GMW000000038190001,
GMW000000038191001,
GMW000000038192001,
GMW000000038193001,
GMW000000038194001,
GMW000000038195001,
GMW000000038196001,
GMW000000038197001,
GMW000000038198001,
GMW000000038199001,
GMW000000038200001,
GMW000000038201001,
GMW000000038202001,
GMW000000038203001,
GMW000000038204001,
GMW000000038205001,
GMW000000038206001,
GMW000000038207001,
GMW000000038208001,
GMW000000038209001,
GMW000000038210001,
GMW000000038211001,
GMW000000038212001,
GMW000000038213001,
GMW000000038214001,
GMW000000038215001,
GMW000000038216001,
GMW000000038217001,
GMW000000038218001,
GMW000000038219001,
GMW000000038220001,
GMW000000038221001,
GMW000000038222001,
GMW000000038223001,
GMW000000038224001,
GMW000000038225001,
GMW000000038226001,
GMW000000038227001,
GMW000000038228001,
GMW000000038229001,
GMW000000038230001,
GMW000000038231001,
GMW000000038232001,
GMW000000038233001,
GMW000000038234001,
GMW000000038235001,
GMW000000038236001,
GMW000000038237001,
GMW000000038238001,
GMW000000038239001,
GMW000000038240001,
GMW000000038241001,
GMW000000038242001,
GMW000000038243001,
GMW000000038244001,
GMW000000038245001,
GMW000000038246001,
GMW000000038247001,
GMW000000038248001,
GMW000000038249001,
GMW000000038250001,
GMW000000038251001,
GMW000000038252001,
GMW000000038253001,
GMW000000038254001,
GMW000000038255001,
GMW000000038256001,
GMW000000038257001,
GMW000000038258001,
GMW000000038259001,
GMW000000038260001,
GMW000000038261001,
GMW000000038262001,
GMW000000038263001,
GMW000000038264001,
GMW000000038265001,
GMW000000038266001,
GMW000000038267001,
GMW000000038268001,
GMW000000038269001,
GMW000000038270001,
GMW000000038271001,
GMW000000038272001,
GMW000000038273001,
GMW000000038504001,
GMW000000038505001,
GMW000000038506001,
GMW000000038507001,
GMW000000038508001,
GMW000000038509001,
GMW000000038510001,
GMW000000038511001,
GMW000000038512001,
GMW000000038513001,
GMW000000038514001,
GMW000000038515001,
GMW000000038516001,
GMW000000038522001,
GMW000000038523001,
GMW000000040465001,
GMW000000040466001,
GMW000000040580001,
GMW000000042609001,
GMW000000046928001,
GMW000000046929001,
GMW000000046930001,
GMW000000046931001,
GMW000000046932001,
GMW000000046933001,
GMW000000046934001,
GMW000000046935001,
GMW000000046936001,
GMW000000046937001,
GMW000000046938001,
GMW000000046939001,
GMW000000048162001,
GMW000000048163001,
GMW000000048164001,
GMW000000048165001,
GMW000000048166001,
GMW000000048169001,
GMW000000048170001,
GMW000000048171001,
GMW000000048172001,
GMW000000048173001,
GMW000000048174001,
GMW000000048175001,
GMW000000048176001,
GMW000000051438001,
GMW000000051439001,
GMW000000051440001,
GMW000000051442001,
GMW000000051443001,
GMW000000051444001,
GMW000000051445001,
GMW000000051446001,
GMW000000051447001,
GMW000000051448001,
GMW000000051449001,
GMW000000051450001,
GMW000000051451001,
GMW000000051452001,
GMW000000051453001,
GMW000000059351001,
GMW000000059352001,
GMW000000059353001,
GMW000000059354001,
GMW000000059355001,
GMW000000059356001,
GMW000000059357001,
GMW000000059358001,
GMW000000059359001,
GMW000000059360001,
GMW000000059361001,
GMW000000059362001,
GMW000000059363001,
GMW000000059364001,
GMW000000059365001,
GMW000000059744001,
GMW000000059745001,
GMW000000059746001,
GMW000000059747001,
GMW000000059748001,
GMW000000059749001,
GMW000000059750001,
GMW000000060633001,
GMW000000060634001,
GMW000000060635001,
GMW000000060636001,
GMW000000060637001,
GMW000000060638001,
GMW000000060639001,
GMW000000060640001,
GMW000000062133001,
GMW000000062134001,
GMW000000062135001,
GMW000000062136001,
GMW000000062137001,
GMW000000062138001,
GMW000000062139001,
GMW000000062140001,
GMW000000062141001,
GMW000000063257001,
GMW000000064413001,
GMW000000064414001,
GMW000000073798001,
GMW000000073799001,
GMW000000073800001,
GMW000000073801001,
GMW000000073802001,
GMW000000073803001,
GMW000000073804001,
GMW000000073805001,
GMW000000073806001,
GMW000000073807001,
GMW000000073808001,
GMW000000073809001,
GMW000000073810001,
GMW000000073811001,
GMW000000073812001,
GMW000000073813001,
GMW000000073814001,
GMW000000073815001,
GMW000000073816001,
GMW000000073817001,
GMW000000073818001,
GMW000000073853001,
GMW000000073854001,
GMW000000073855001,
GMW000000073856001,
GMW000000073857001,
GMW000000073858001,
GMW000000073859001,
GMW000000073860001,
GMW000000073861001,
GMW000000073862001,
GMW000000073863001,
GMW000000073864001,
GMW000000073865001,
GMW000000073866001,
GMW000000073867001,
GMW000000073868001,
GMW000000073869001,
GMW000000073870001,
GMW000000073871001,
GMW000000075311001,
GMW000000077064001,
GMW000000077065001,
GMW000000077066001,
GMW000000077067001,
GMW000000077068001,
GMW000000077069001,
GMW000000077631001,
GMW000000077632001,
GMW000000077633001,
GMW000000077634001,
GMW000000077635001,
GMW000000077636001,
GMW000000077637001,
GMW000000077638001,
GMW000000077639001,
GMW000000077640001,
GMW000000077641001,
GMW000000077642001,
GMW000000077643001,
GMW000000077644001,
GMW000000077645001,
GMW000000077646001,
GMW000000077647001,
GMW000000077648001,
GMW000000077649001,
GMW000000077650001,
GMW000000077651001,
GMW000000077652001,
GMW000000077653001,
GMW000000077654001,
GMW000000077655001,
GMW000000077656001,
GMW000000077657001,
GMW000000077658001,
GMW000000077659001,
GMW000000077660001,
GMW000000077661001,
GMW000000077662001,
GMW000000077663001,
GMW000000077664001,
GMW000000077665001,
GMW000000080522001,
GMW000000080523001,
GMW000000080946001,
GMW000000082636001,
GMW000000082829001,
GMW000000082830001,
GMW000000082831001,
GMW000000082874001,
GMW000000082875001,
GMW000000082876001,
GMW000000082877001,
GMW000000082878001,
GMW000000082952001,
GMW000000083381001,
GMW000000083382001,
GMW000000083383001,
GMW000000083384001,
GMW000000083385001,
GMW000000083386001,
GMW000000083388001,
GMW000000084057001,
GMW000000084058001,
GMW000000084059001,
GMW000000084060001,
GMW000000084061001,
GMW000000084062001,
GMW000000084063001,
GMW000000084064001,
GMW000000084065001,
GMW000000084066001,
GMW000000084836001,
GMW000000085951001,
GMW000000086082001,
GMW000000086083001,
GMW000000088710001,
GMW000000088711001,
GMW000000088712001,
GMW000000088713001,
GMW000000088714001,
GMW000000088715001,
GMW000000088716001,
GMW000000088717001,
GMW000000088718001,
GMW000000088719001,
GMW000000088720001,
GMW000000088721001,
GMW000000088722001,
GMW000000088723001,
GMW000000088724001,
GMW000000088725001,
GMW000000088726001,
GMW000000088727001,
GMW000000088728001,
GMW000000088729001,
GMW000000088730001,
GMW000000088731001,
GMW000000088732001,
GMW000000088733001,
GMW000000088734001,
GMW000000088735001,
GMW000000088736001,
GMW000000088737001,
GMW000000088738001,
GMW000000088739001,
GMW000000088740001,
GMW000000088741001,
GMW000000088742001,
GMW000000088743001,
GMW000000088744001,
GMW000000088745001,
GMW000000088746001,
GMW000000088747001,
GMW000000088748001,
GMW000000088749001,
GMW000000088750001,
GMW000000088751001,
GMW000000088752001,
GMW000000088753001,
GMW000000088754001,
GMW000000088755001,
GMW000000088756001,
GMW000000088757001,
GMW000000088758001,
GMW000000088759001,
GMW000000088760001,
GMW000000088761001,
GMW000000088762001,
GMW000000088763001,
GMW000000088764001,
GMW000000088765001,
GMW000000088766001,
GMW000000088767001,
GMW000000088768001,
GMW000000088769001,
GMW000000088770001,
GMW000000088771001,
GMW000000088772001,
GMW000000088773001,
GMW000000088774001,
GMW000000088775001,
GMW000000088776001,
GMW000000088777001,
GMW000000088778001,
GMW000000088779001,
GMW000000088780001,
GMW000000088781001,
GMW000000088782001,
GMW000000088783001,
GMW000000088784001,
GMW000000088785001,
GMW000000090071001,
GMW000000090072001,
GMW000000090073001,
GMW000000090074001,
GMW000000090075001,
GMW000000090076001,
GMW000000090691001,
GMW000000090692001,
GMW000000090693001,
GMW000000090694001,
GMW000000090695001,
GMW000000090696001,
GMW000000090697001,
GMW000000090698001,
GMW000000091151170,
GMW000000091215001,
GMW000000091216001,
GMW000000091217001,
GMW000000091218001,
GMW000000091219001,
GMW000000091220001,
GMW000000091221001,
GMW000000091222001,
GMW000000091223001,
GMW000000091224001,
GMW000000091225001,
GMW000000091226001,
GMW000000091238001,
GMW000000091239001,
GMW000000091240001,
GMW000000091241001,
GMW000000091242001,
GMW000000091243001,
GMW000000091244001,
GMW000000091245001,
GMW000000091311001,
GMW000000092391001,
GMW000000092392001,
GMW000000092393001,
GMW000000092400001,
GMW000000092401001,
GMW000000092411001,
GMW000000092412001,
GMW000000092413001,
GMW000000092414001,
GMW000000092415001,
GMW000000092416001,
GMW000000092417001,
GMW000000092418001,
GMW000000092419001,
GMW000000092431001,
GMW000000092451001,
GMW000000092452001,
GMW000000092453001,
GMW000000092454001,
GMW000000092455001,
GMW000000092471001,
GMW000000092472001,
GMW000000092473001,
GMW000000092474001,
GMW000000092491001,
GMW000000092511001,
GMW000000092512001,
GMW000000092513001,
GMW000000092514001,
GMW000000092515001,
GMW000000093111001,
GMW000000093131001,
GMW000000093151001,
GMW000000093171001,
GMW000000093172001,
GMW000000093271001,
GMW000000093272001,
GMW000000093311001,
GMW000000093491001,
GMW000000093511001,
GMW000000093512001,
GMW000000093513001,
GMW000000093514001,
GMW000000093515001,
GMW000000093516001,
GMW000000093517001,
GMW000000093531001,
GMW000000093532001,
GMW000000093533001,
GMW000000093651001,
GMW000000093652001,
GMW000000093653001,
GMW000000093654001,
GMW000000093655001,
GMW000000093671001,
GMW000000093672001,
GMW000000093673001,
GMW000000093674001,
GMW000000093675001,
GMW000000093676001,
GMW000000093677001,
GMW000000093678001,
GMW000000093679001,
GMW000000093680001,
GMW000000093681001,
GMW000000093682001,
GMW000000093683001,
GMW000000093684001,
GMW000000093685001,
GMW000000094011001,
GMW000000094012001,
GMW000000094171001,
GMW000000097571001,
GMW000000097572001,
GMW000000097591001,
GMW000000097592001,
GMW000000097593001,
GMW000000097594001,
GMW000000097595001,
GMW000000097596001,
GMW000000097597001,
GMW000000097611001,
GMW000000098031001,
GMW000000098032001,
GMW000000098033001,
GMW000000098034001,
GMW000000098051001,
GMW000000098071001,
GMW000000098072001,
GMW000000098073001,
GMW000000098074001,
GMW000000098091001,
GMW000000098092001,
GMW000000098093001,
GMW000000098111001,
GMW000000098151001,
GMW000000098152001,
GMW000000098153001,
GMW000000098154001,
GMW000000098155001,
GMW000000098171001,
GMW000000098172001,
GMW000000098173001,
GMW000000098191001,
GMW000000098211001,
GMW000000098251001,
GMW000000098751001,
GMW000000098771002,
GMW000000098971001,
GMW000000098972001,
GMW000000100931001,
GMW000000100932001,
GMW000000100933001,
GMW000000100934001,
GMW000000101011001,
GMW000000101012001,
GMW000000101013001,
GMW000000101014001,
GMW000000101015001,
GMW000000101051001,
GMW000000101052001,
GMW000000101053001,
GMW000000101054001,
GMW000000101055001,
GMW000000101056001,
GMW000000101057001,
GMW000000101058001,
GMW000000101059001,
GMW000000101060001,
GMW000000101061001,
GMW000000101062001,
GMW000000101063001,
GMW000000101064001,
GMW000000101065001,
GMW000000101066001,
GMW000000101067001,
GMW000000101068001,
GMW000000101069001,
GMW000000101070001,
GMW000000101071001,
GMW000000101072001,
GMW000000101091001,
GMW000000101092001,
GMW000000101093001,
GMW000000101094001,
GMW000000101095001,
GMW000000101096001,
GMW000000101097001,
GMW000000101098001,
GMW000000101099001,
GMW000000101100001,
GMW000000101101001,
GMW000000101102001,
GMW000000101103001,
GMW000000101104001,
GMW000000101105001,
GMW000000101106001,
GMW000000101107001,
GMW000000101108001,
GMW000000101109001,
GMW000000101110001,
GMW000000101111001,
GMW000000101112001,
GMW000000101113001,
GMW000000101114001,
GMW000000101115001,
GMW000000101116001,
GMW000000101117001,
GMW000000101118001,
GMW000000101119001,
GMW000000101120001,
GMW000000101121001,
GMW000000101122001,
GMW000000101123001,
GMW000000101124001,
GMW000000101125001,
GMW000000101126001,
GMW000000101127001,
GMW000000101128001,
GMW000000101129001,
GMW000000101130001,
GMW000000101131001,
GMW000000101132001,
GMW000000101133001,
GMW000000101134001,
GMW000000101135001,
GMW000000101136001,
GMW000000101137001,
GMW000000101138001,
GMW000000101139001,
GMW000000101140001,
GMW000000101141001,
GMW000000101142001,
GMW000000101143001,
GMW000000101144001,
GMW000000101145001,
GMW000000101146001,
GMW000000101147001,
GMW000000101148001,
GMW000000101149001,
GMW000000101150001,
GMW000000101151001,
GMW000000101152001,
GMW000000101153001,
GMW000000101154001,
GMW000000101155001,
GMW000000101156001,
GMW000000101157001,
GMW000000101158001,
GMW000000101159001,
GMW000000101160001,
GMW000000101161001,
GMW000000101162001,
GMW000000101163001,
GMW000000101164001,
GMW000000101165001,
GMW000000101166001,
GMW000000101167001,
GMW000000101168001,
GMW000000101169001,
GMW000000101170001,
GMW000000101171001,
GMW000000101172001,
GMW000000101173001,
GMW000000101174001,
GMW000000101175001,
GMW000000101176001,
GMW000000101177001,
GMW000000101178001,
GMW000000101179001,
GMW000000101180001,
GMW000000101181001,
GMW000000101182001,
GMW000000101183001,
GMW000000101184001,
GMW000000101185001,
GMW000000101186001,
GMW000000101187001,
GMW000000101188001,
GMW000000101189001,
GMW000000101190001,
GMW000000101191001,
GMW000000101192001,
GMW000000101193001,
GMW000000101194001,
GMW000000101195001,
GMW000000101196001,
GMW000000101197001,
GMW000000101198001,
GMW000000101199001,
GMW000000101200001,
GMW000000101201001,
GMW000000101202001,
GMW000000101203001,
GMW000000101204001,
GMW000000101205001,
GMW000000101206001,
GMW000000101207001,
GMW000000101208001,
GMW000000101209001,
GMW000000101210001,
GMW000000101211001,
GMW000000101212001,
GMW000000101213001,
GMW000000101214001,
GMW000000101215001,
GMW000000101216001,
GMW000000101217001,
GMW000000101218001,
GMW000000101219001,
GMW000000101220001,
GMW000000101221001,
GMW000000101222001,
GMW000000101223001,
GMW000000101224001,
GMW000000101225001,
GMW000000101226001,
GMW000000101227001,
GMW000000101228001,
GMW000000101229001,
GMW000000101230001,
GMW000000101231001,
GMW000000101232001,
GMW000000101233001,
GMW000000101234001,
GMW000000101235001,
GMW000000101236001,
GMW000000101237001,
GMW000000101238001,
GMW000000101239001,
GMW000000101240001,
GMW000000101241001,
GMW000000101242001,
GMW000000101243001,
GMW000000101244001,
GMW000000101245001,
GMW000000101246001,
GMW000000101247001,
GMW000000101248001,
GMW000000101249001,
GMW000000101250001,
GMW000000101251001,
GMW000000101252001,
GMW000000101253001,
GMW000000101254001,
GMW000000101255001,
GMW000000101256001,
GMW000000101257001,
GMW000000101258001,
GMW000000101259001,
GMW000000101260001,
GMW000000101261001,
GMW000000101262001,
GMW000000101263001,
GMW000000101264001,
GMW000000101265001,
GMW000000101266001,
GMW000000101267001,
GMW000000101268001,
GMW000000101269001,
GMW000000101270001,
GMW000000101271001,
GMW000000101272001,
GMW000000101273001,
GMW000000101274001,
GMW000000101275001,
GMW000000101276001,
GMW000000101277001,
GMW000000101278001,
GMW000000101279001,
GMW000000101280001,
GMW000000101281001,
GMW000000101282001,
GMW000000101283001,
GMW000000101284001,
GMW000000101285001,
GMW000000101286001,
GMW000000101287001,
GMW000000101288001,
GMW000000101289001,
GMW000000101290001,
GMW000000101291001,
GMW000000101292001,
GMW000000101293001,
GMW000000101294001,
GMW000000101295001,
GMW000000101296001,
GMW000000101297001,
GMW000000101298001,
GMW000000101299001,
GMW000000101300001,
GMW000000101301001,
GMW000000101302001,
GMW000000101303001,
GMW000000101304001,
GMW000000101305001,
GMW000000101306001,
GMW000000101307001,
GMW000000101308001,
GMW000000101309001,
GMW000000101310001,
GMW000000101311001,
GMW000000101312001,
GMW000000101313001,
GMW000000101314001,
GMW000000101315001,
GMW000000101316001,
GMW000000101317001,
GMW000000101318001,
GMW000000101319001,
GMW000000101320001,
GMW000000101321001,
GMW000000101322001,
GMW000000101323001,
GMW000000101324001,
GMW000000101325001,
GMW000000101326001,
GMW000000101327001,
GMW000000101328001,
GMW000000101329001,
GMW000000101330001,
GMW000000101331001,
GMW000000101332001,
GMW000000101333001,
GMW000000101334001,
GMW000000101335001,
GMW000000101336001,
GMW000000101337001,
GMW000000101338001,
GMW000000101339001,
GMW000000101340001,
GMW000000101341001,
GMW000000101342001,
GMW000000101343001,
GMW000000101344001,
GMW000000101345001,
GMW000000101346001,
GMW000000101347001,
GMW000000101348001,
GMW000000101349001,
GMW000000101350001,
GMW000000101351001,
GMW000000101352001,
GMW000000101353001,
GMW000000101354001,
GMW000000101355001,
GMW000000101356001,
GMW000000101357001,
GMW000000101358001,
GMW000000101359001,
GMW000000101360001,
GMW000000101361001,
GMW000000101362001,
GMW000000101363001,
GMW000000101364001,
GMW000000101365001,
GMW000000101366001,
GMW000000101367001,
GMW000000101368001,
GMW000000101369001,
GMW000000101370001,
GMW000000101371001,
GMW000000101372001,
GMW000000101373001,
GMW000000101374001,
GMW000000101375001,
GMW000000101376001,
GMW000000101377001,
GMW000000101378001,
GMW000000101379001,
GMW000000101380001,
GMW000000101381001,
GMW000000101382001,
GMW000000101383001,
GMW000000101384001,
GMW000000101385001,
GMW000000101386001,
GMW000000101387001,
GMW000000101388001,
GMW000000101389001,
GMW000000101390001,
GMW000000101391001,
GMW000000101392001,
GMW000000101393001,
GMW000000101394001,
GMW000000101395001,
GMW000000101396001,
GMW000000101397001,
GMW000000101398001,
GMW000000101399001,
GMW000000101400001,
GMW000000101401001,
GMW000000101402001,
GMW000000101403001,
GMW000000101404001,
GMW000000101405001,
GMW000000101406001,
GMW000000101407001,
GMW000000101408001,
GMW000000101409001,
GMW000000101410001,
GMW000000101411001,
GMW000000101412001,
GMW000000101413001,
GMW000000101414001,
GMW000000101415001,
GMW000000101416001,
GMW000000101417001,
GMW000000101418001,
GMW000000101419001,
GMW000000101420001,
GMW000000101421001,
GMW000000101422001,
GMW000000101423001,
GMW000000101424001,
GMW000000101425001,
GMW000000101426001,
GMW000000101427001,
GMW000000101428001,
GMW000000101429001,
GMW000000101430001,
GMW000000101431001,
GMW000000101432001,
GMW000000101433001,
GMW000000101434001,
GMW000000101435001,
GMW000000101436001,
GMW000000101437001,
GMW000000101438001,
GMW000000101439001,
GMW000000101440001,
GMW000000101441001,
GMW000000101442001,
GMW000000101443001,
GMW000000101444001,
GMW000000101445001,
GMW000000101446001,
GMW000000101447001,
GMW000000101448001,
GMW000000101449001,
GMW000000101450001,
GMW000000101451001,
GMW000000101452001,
GMW000000101453001,
GMW000000101454001,
GMW000000101455001,
GMW000000101456001,
GMW000000101457001,
GMW000000101458001,
GMW000000101459001,
GMW000000101460001,
GMW000000101461001,
GMW000000101462001,
GMW000000101463001,
GMW000000101464001,
GMW000000101465001,
GMW000000101466001,
GMW000000101467001,
GMW000000101468001,
GMW000000101469001,
GMW000000101470001,
GMW000000101471001,
GMW000000101472001,
GMW000000101473001,
GMW000000101474001,
GMW000000101475001,
GMW000000101476001,
GMW000000101477001,
GMW000000101478001,
GMW000000101479001,
GMW000000101480001,
GMW000000101481001,
GMW000000101482001,
GMW000000101483001,
GMW000000101484001,
GMW000000101485001,
GMW000000101486001,
GMW000000101487001,
GMW000000101488001,
GMW000000101489001,
GMW000000101490001,
GMW000000101491001,
GMW000000101492001,
GMW000000101493001,
GMW000000101494001,
GMW000000101495001,
GMW000000101496001,
GMW000000101497001,
GMW000000101498001,
GMW000000101499001,
GMW000000101500001,
GMW000000101501001,
GMW000000101502001,
GMW000000101503001,
GMW000000101504001,
GMW000000101505001,
GMW000000101506001,
GMW000000101507001,
GMW000000101508001,
GMW000000101509001,
GMW000000101510001,
GMW000000101511001,
GMW000000101512001,
GMW000000101513001,
GMW000000101514001,
GMW000000101515001,
GMW000000101516001,
GMW000000101517001,
GMW000000101518001,
GMW000000101519001,
GMW000000101520001,
GMW000000101521001,
GMW000000101522001,
GMW000000101523001,
GMW000000101524001,
GMW000000101525001,
GMW000000101526001,
GMW000000101527001,
GMW000000101528001,
GMW000000101529001,
GMW000000101530001,
GMW000000101531001,
GMW000000101532001,
GMW000000101533001,
GMW000000101534001,
GMW000000101535001,
GMW000000101536001,
GMW000000101537001,
GMW000000101538001,
GMW000000101539001,
GMW000000101540001,
GMW000000101541001,
GMW000000101542001,
GMW000000101543001,
GMW000000101544001,
GMW000000101545001,
GMW000000101546001,
GMW000000101547001,
GMW000000101548001,
GMW000000101549001,
GMW000000101550001,
GMW000000101551001,
GMW000000101552001,
GMW000000101553001,
GMW000000101554001,
GMW000000101555001,
GMW000000101556001,
GMW000000101557001,
GMW000000101558001,
GMW000000101559001,
GMW000000101560001,
GMW000000101561001,
GMW000000101562001,
GMW000000101563001,
GMW000000101564001,
GMW000000101565001,
GMW000000101566001,
GMW000000101567001,
GMW000000101568001,
GMW000000101569001,
GMW000000101570001,
GMW000000101571001,
GMW000000101572001,
GMW000000101573001,
GMW000000101574001,
GMW000000101575001,
GMW000000101576001,
GMW000000101577001,
GMW000000101578001,
GMW000000101579001,
GMW000000101580001,
GMW000000101581001,
GMW000000101582001,
GMW000000101583001,
GMW000000101584001,
GMW000000101585001,
GMW000000101586001,
GMW000000101587001,
GMW000000101588001,
GMW000000101589001,
GMW000000101590001,
GMW000000101591001,
GMW000000101592001,
GMW000000101593001,
GMW000000101594001,
GMW000000101595001,
GMW000000101596001,
GMW000000101597001,
GMW000000101598001,
GMW000000101599001,
GMW000000101600001,
GMW000000101601001,
GMW000000101602001,
GMW000000101603001,
GMW000000101604001,
GMW000000101605001,
GMW000000101606001,
GMW000000101607001,
GMW000000101608001,
GMW000000101609001,
GMW000000101610001,
GMW000000101611001,
GMW000000101612001,
GMW000000101613001,
GMW000000101614001,
GMW000000101615001,
GMW000000101616001,
GMW000000101617001,
GMW000000101618001,
GMW000000101619001,
GMW000000101620001,
GMW000000101621001,
GMW000000101622001,
GMW000000101623001,
GMW000000101624001,
GMW000000101625001,
GMW000000101626001,
GMW000000101627001,
GMW000000101628001,
GMW000000101629001,
GMW000000101630001,
GMW000000101631001,
GMW000000101632001,
GMW000000101633001,
GMW000000101634001,
GMW000000101635001,
GMW000000101636001,
GMW000000101637001,
GMW000000101638001,
GMW000000101639001,
GMW000000101640001,
GMW000000101641001,
GMW000000101642001,
GMW000000101643001,
GMW000000101644001,
GMW000000101645001,
GMW000000101646001,
GMW000000101647001,
GMW000000101648001,
GMW000000101649001,
GMW000000101650001,
GMW000000101651001,
GMW000000101652001,
GMW000000101653001,
GMW000000101654001,
GMW000000101655001,
GMW000000101656001,
GMW000000101657001,
GMW000000101658001,
GMW000000101659001,
GMW000000101660001,
GMW000000101661001,
GMW000000101662001,
GMW000000101663001,
GMW000000101664001,
GMW000000101665001,
GMW000000101666001,
GMW000000101667001,
GMW000000101668001,
GMW000000101669001,
GMW000000101670001,
GMW000000101671001,
GMW000000101672001,
GMW000000101673001,
GMW000000101674001,
GMW000000101675001,
GMW000000101676001,
GMW000000101677001,
GMW000000101678001,
GMW000000101679001,
GMW000000101680001,
GMW000000101681001,
GMW000000101682001,
GMW000000101683001,
GMW000000101684001,
GMW000000101685001,
GMW000000101686001,
GMW000000101687001,
GMW000000101688001,
GMW000000101689001,
GMW000000101690001,
GMW000000101691001,
GMW000000101692001,
GMW000000101693001,
GMW000000101694001,
GMW000000101695001,
GMW000000101696001,
GMW000000101697001,
GMW000000101698001,
GMW000000101699001,
GMW000000101700001,
GMW000000101701001,
GMW000000101702001,
GMW000000101703001,
GMW000000101704001,
GMW000000101705001,
GMW000000101706001,
GMW000000101707001,
GMW000000101708001,
GMW000000101709001,
GMW000000101710001,
GMW000000101711001,
GMW000000101712001,
GMW000000101713001,
GMW000000101714001,
GMW000000101715001,
GMW000000101716001,
GMW000000101717001,
GMW000000101718001,
GMW000000101719001,
GMW000000101720001,
GMW000000101721001,
GMW000000101722001,
GMW000000101723001,
GMW000000101724001,
GMW000000101725001,
GMW000000101726001,
GMW000000101727001,
GMW000000101728001,
GMW000000101729001,
GMW000000101730001,
GMW000000101731001,
GMW000000101732001,
GMW000000101733001,
GMW000000101734001,
GMW000000101735001,
GMW000000101736001,
GMW000000101737001,
GMW000000101738001,
GMW000000101739001,
GMW000000101740001,
GMW000000101741001,
GMW000000101742001,
GMW000000101743001,
GMW000000101744001,
GMW000000101745001,
GMW000000101746001,
GMW000000101747001,
GMW000000101748001,
GMW000000101749001,
GMW000000101750001,
GMW000000101751001,
GMW000000101752001,
GMW000000101753001,
GMW000000101754001,
GMW000000101755001,
GMW000000101756001,
GMW000000101757001,
GMW000000101758001,
GMW000000101759001,
GMW000000101760001,
GMW000000101761001,
GMW000000101762001,
GMW000000101763001,
GMW000000101764001,
GMW000000101765001,
GMW000000101766001,
GMW000000101767001,
GMW000000101768001,
GMW000000101769001,
GMW000000101770001,
GMW000000101771001,
GMW000000101772001,
GMW000000101773001,
GMW000000101774001,
GMW000000101775001,
GMW000000101776001,
GMW000000101777001,
GMW000000101778001,
GMW000000101779001,
GMW000000101780001,
GMW000000101781001,
GMW000000101782001,
GMW000000101783001,
GMW000000101784001,
GMW000000101785001,
GMW000000101786001,
GMW000000101787001,
GMW000000101788001,
GMW000000101789001,
GMW000000101790001,
GMW000000101791001,
GMW000000101792001,
GMW000000101793001,
GMW000000101794001,
GMW000000101795001,
GMW000000101796001,
GMW000000101797001,
GMW000000101798001,
GMW000000101799001,
GMW000000101800001,
GMW000000101801001,
GMW000000101802001,
GMW000000101803001,
GMW000000101804001,
GMW000000101805001,
GMW000000101806001,
GMW000000101807001,
GMW000000101808001,
GMW000000101809001,
GMW000000101810001,
GMW000000101811001,
GMW000000101812001,
GMW000000101813001,
GMW000000101814001,
GMW000000101815001,
GMW000000101816001,
GMW000000101817001,
GMW000000101818001,
GMW000000101819001,
GMW000000101820001,
GMW000000101821001,
GMW000000101822001,
GMW000000101823001,
GMW000000101824001,
GMW000000101825001,
GMW000000101826001,
GMW000000101827001,
GMW000000101828001,
GMW000000101829001,
GMW000000101830001,
GMW000000101831001,
GMW000000101832001,
GMW000000101833001,
GMW000000101834001,
GMW000000101835001,
GMW000000101836001,
GMW000000101837001,
GMW000000101838001,
GMW000000101839001,
GMW000000101840001,
GMW000000101841001,
GMW000000101842001,
GMW000000101843001,
GMW000000101844001,
GMW000000101845001,
GMW000000101846001,
GMW000000101847001,
GMW000000101848001,
GMW000000101849001,
GMW000000101850001,
GMW000000101851001,
GMW000000101852001,
GMW000000101853001,
GMW000000101854001,
GMW000000101855001,
GMW000000101856001,
GMW000000101857001,
GMW000000101858001,
GMW000000101859001,
GMW000000101860001,
GMW000000101861001,
GMW000000101862001,
GMW000000101863001,
GMW000000101864001,
GMW000000101865001,
GMW000000101866001,
GMW000000101867001,
GMW000000101868001,
GMW000000101869001,
GMW000000101870001,
GMW000000101871001,
GMW000000101872001,
GMW000000101873001,
GMW000000101874001,
GMW000000101875001,
GMW000000101876001,
GMW000000101877001,
GMW000000101878001,
GMW000000101879001,
GMW000000101880001,
GMW000000101881001,
GMW000000101882001,
GMW000000101883001,
GMW000000101884001,
GMW000000101885001,
GMW000000101886001,
GMW000000101887001,
GMW000000101888001,
GMW000000101889001,
GMW000000101890001,
GMW000000101891001,
GMW000000101892001,
GMW000000101893001,
GMW000000101894001,
GMW000000101895001,
GMW000000101896001,
GMW000000101897001,
GMW000000101898001,
GMW000000101899001,
GMW000000101900001,
GMW000000101901001,
GMW000000101902001,
GMW000000101903001,
GMW000000101904001,
GMW000000101905001,
GMW000000101906001,
GMW000000101907001,
GMW000000101908001,
GMW000000101909001,
GMW000000101910001,
GMW000000101911001,
GMW000000101912001,
GMW000000101913001,
GMW000000101914001,
GMW000000101915001,
GMW000000101916001,
GMW000000101917001,
GMW000000101918001,
GMW000000101919001,
GMW000000101920001,
GMW000000101921001,
GMW000000101922001,
GMW000000101923001,
GMW000000101924001,
GMW000000101925001,
GMW000000101926001,
GMW000000101927001,
GMW000000101928001,
GMW000000101929001,
GMW000000101930001,
GMW000000101931001,
GMW000000101932001,
GMW000000101933001,
GMW000000101934001,
GMW000000101935001,
GMW000000101936001,
GMW000000101937001,
GMW000000101938001,
GMW000000101939001,
GMW000000101940001,
GMW000000101941001,
GMW000000101942001,
GMW000000101943001,
GMW000000101944001,
GMW000000101945001,
GMW000000101946001,
GMW000000101947001,
GMW000000101948001,
GMW000000101949001,
GMW000000101950001,
GMW000000101951001,
GMW000000101952001,
GMW000000101953001,
GMW000000101954001,
GMW000000101955001,
GMW000000101956001,
GMW000000101957001,
GMW000000101958001,
GMW000000101959001,
GMW000000101960001,
GMW000000101961001,
GMW000000101962001,
GMW000000101963001,
GMW000000101964001,
GMW000000101965001,
GMW000000101966001,
GMW000000101967001,
GMW000000101968001,
GMW000000101969001,
GMW000000101970001,
GMW000000101971001,
GMW000000101972001,
GMW000000101973001,
GMW000000101974001,
GMW000000101975001,
GMW000000101976001,
GMW000000101977001,
GMW000000101978001,
GMW000000101979001,
GMW000000101980001,
GMW000000101981001,
GMW000000101982001,
GMW000000101983001,
GMW000000101984001,
GMW000000101985001,
GMW000000101986001,
GMW000000101987001,
GMW000000101988001,
GMW000000101989001,
GMW000000101990001,
GMW000000101991001,
GMW000000101992001,
GMW000000101993001,
GMW000000101994001,
GMW000000101995001,
GMW000000101996001,
GMW000000101997001,
GMW000000101998001,
GMW000000101999001,
GMW000000102000001,
GMW000000102001001,
GMW000000102002001,
GMW000000102003001,
GMW000000102004001,
GMW000000102005001,
GMW000000102006001,
GMW000000102007001,
GMW000000102008001,
GMW000000102009001,
GMW000000102010001,
GMW000000102011001,
GMW000000102012001,
GMW000000102013001,
GMW000000102014001,
GMW000000102015001,
GMW000000102016001,
GMW000000102017001,
GMW000000102018001,
GMW000000102019001,
GMW000000102020001,
GMW000000102021001,
GMW000000102022001,
GMW000000102023001,
GMW000000102024001,
GMW000000102025001,
GMW000000102026001,
GMW000000102027001,
GMW000000102028001,
GMW000000102029001,
GMW000000102030001,
GMW000000102031001,
GMW000000102032001,
GMW000000102033001,
GMW000000102034001,
GMW000000102035001,
GMW000000102036001,
GMW000000102037001,
GMW000000102038001,
GMW000000102039001,
GMW000000102040001,
GMW000000102041001,
GMW000000102042001,
GMW000000102043001,
GMW000000102044001,
GMW000000102045001,
GMW000000102046001,
GMW000000102047001,
GMW000000102048001,
GMW000000102049001,
GMW000000102050001,
GMW000000102051001,
GMW000000102052001,
GMW000000102053001,
GMW000000102054001,
GMW000000102055001,
GMW000000102056001,
GMW000000102057001,
GMW000000102058001,
GMW000000102059001,
GMW000000102060001,
GMW000000102061001,
GMW000000102062001,
GMW000000102063001,
GMW000000102064001,
GMW000000102065001,
GMW000000102066001,
GMW000000102067001,
GMW000000102068001,
GMW000000102069001,
GMW000000102070001,
GMW000000102071001,
GMW000000102072001,
GMW000000102073001,
GMW000000102074001,
GMW000000102075001,
GMW000000102076001,
GMW000000102077001,
GMW000000102078001,
GMW000000102079001,
GMW000000102080001,
GMW000000102081001,
GMW000000102082001,
GMW000000102083001,
GMW000000102084001,
GMW000000102085001,
GMW000000102086001,
GMW000000102087001,
GMW000000102088001,
GMW000000102089001,
GMW000000102090001,
GMW000000102091001,
GMW000000102092001,
GMW000000102093001,
GMW000000102094001,
GMW000000102095001,
GMW000000102096001,
GMW000000102097001,
GMW000000102098001,
GMW000000102099001,
GMW000000102100001,
GMW000000102101001,
GMW000000102102001,
GMW000000102103001,
GMW000000102104001,
GMW000000102105001,
GMW000000102106001,
GMW000000102107001,
GMW000000102108001,
GMW000000102109001,
GMW000000102110001,
GMW000000102111001,
GMW000000102112001,
GMW000000102113001,
GMW000000102114001,
GMW000000102115001,
GMW000000102116001,
GMW000000102117001,
GMW000000102118001,
GMW000000102119001,
GMW000000102120001,
GMW000000102121001,
GMW000000102122001,
GMW000000102123001,
GMW000000102124001,
GMW000000102125001,
GMW000000102126001,
GMW000000102127001,
GMW000000102128001,
GMW000000102129001,
GMW000000102130001,
GMW000000102131001,
GMW000000102132001,
GMW000000102133001,
GMW000000102134001,
GMW000000102135001,
GMW000000102136001,
GMW000000102137001,
GMW000000102138001,
GMW000000102139001,
GMW000000102140001,
GMW000000102141001,
GMW000000102142001,
GMW000000102143001,
GMW000000102144001,
GMW000000102145001,
GMW000000102146001,
GMW000000102147001,
GMW000000102148001,
GMW000000102149001,
GMW000000102150001,
GMW000000102151001,
GMW000000102152001,
GMW000000102153001,
GMW000000102154001,
GMW000000102155001,
GMW000000102156001,
GMW000000102157001,
GMW000000102158001,
GMW000000102159001,
GMW000000102160001,
GMW000000102161001,
GMW000000102162001,
GMW000000102163001,
GMW000000102164001,
GMW000000102165001,
GMW000000102166001,
GMW000000102167001,
GMW000000102168001,
GMW000000102169001,
GMW000000102170001,
GMW000000102171001,
GMW000000102172001,
GMW000000102173001,
GMW000000102174001,
GMW000000102175001,
GMW000000102176001,
GMW000000102177001,
GMW000000102178001,
GMW000000102179001,
GMW000000102180001,
GMW000000102181001,
GMW000000102182001,
GMW000000102183001,
GMW000000102184001,
GMW000000102185001,
GMW000000102186001,
GMW000000102187001,
GMW000000102188001,
GMW000000102189001,
GMW000000102190001,
GMW000000102191001,
GMW000000102192001,
GMW000000102193001,
GMW000000102194001,
GMW000000102195001,
GMW000000102196001,
GMW000000102197001,
GMW000000102198001,
GMW000000102199001,
GMW000000102200001,
GMW000000102201001,
GMW000000102202001,
GMW000000102203001,
GMW000000102204001,
GMW000000102205001,
GMW000000102206001,
GMW000000102207001,
GMW000000102208001,
GMW000000102209001,
GMW000000102210001,
GMW000000102211001,
GMW000000102212001,
GMW000000102213001,
GMW000000102214001,
GMW000000102215001,
GMW000000102216001,
GMW000000102217001,
GMW000000102218001,
GMW000000102219001,
GMW000000102220001,
GMW000000102221001,
GMW000000102222001,
GMW000000102223001,
GMW000000102224001,
GMW000000102225001,
GMW000000102226001,
GMW000000102227001,
GMW000000102228001,
GMW000000102229001,
GMW000000102230001,
GMW000000102231001,
GMW000000102232001,
GMW000000102233001,
GMW000000102234001,
GMW000000102235001,
GMW000000102236001,
GMW000000102237001,
GMW000000102238001,
GMW000000102239001,
GMW000000102240001,
GMW000000102241001,
GMW000000102242001,
GMW000000102243001,
GMW000000102244001,
GMW000000102245001,
GMW000000102246001,
GMW000000102247001,
GMW000000102248001,
GMW000000102249001,
GMW000000102250001,
GMW000000102251001,
GMW000000102252001,
GMW000000102253001,
GMW000000102254001,
GMW000000102255001,
GMW000000102256001,
GMW000000102257001,
GMW000000102258001,
GMW000000102259001,
GMW000000102260001,
GMW000000102261001,
GMW000000102262001,
GMW000000102263001,
GMW000000102264001,
GMW000000102265001,
GMW000000102266001,
GMW000000102267001,
GMW000000102268001,
GMW000000102269001,
GMW000000102270001,
GMW000000102271001,
GMW000000102272001,
GMW000000102273001,
GMW000000102274001,
GMW000000102275001,
GMW000000102276001,
GMW000000102277001,
GMW000000102278001,
GMW000000102279001,
GMW000000102280001,
GMW000000102281001,
GMW000000102282001,
GMW000000102283001,
GMW000000102284001,
GMW000000102285001,
GMW000000102286001,
GMW000000102287001,
GMW000000102288001,
GMW000000102289001,
GMW000000102290001,
GMW000000102291001,
GMW000000102292001,
GMW000000102293001,
GMW000000102294001,
GMW000000102295001,
GMW000000102296001,
GMW000000102297001,
GMW000000102298001,
GMW000000102299001,
GMW000000102300001,
GMW000000102301001,
GMW000000102302001,
GMW000000102311001,
GMW000000102312001,
GMW000000102313001,
GMW000000102314001,
GMW000000102315001,
GMW000000102316001,
GMW000000102317001,
GMW000000102318001,
GMW000000102319001,
GMW000000102320001,
GMW000000102321001,
GMW000000102322001,
GMW000000102323001,
GMW000000102324001,
GMW000000102325001,
GMW000000102326001,
GMW000000102327001,
GMW000000102328001,
GMW000000102329001,
GMW000000102330001,
GMW000000102331001,
GMW000000102332001,
GMW000000102333001,
GMW000000102334001,
GMW000000102335001,
GMW000000102336001,
GMW000000102337001,
GMW000000102338001,
GMW000000102339001,
GMW000000102340001,
GMW000000102341001,
GMW000000102342001,
GMW000000102343001,
GMW000000102344001,
GMW000000102345001,
GMW000000102346001,
GMW000000102347001,
GMW000000102348001,
GMW000000102349001,
GMW000000102350001,
GMW000000102351001,
GMW000000102352001,
GMW000000102353001,
GMW000000102354001,
GMW000000102355001,
GMW000000102356001,
GMW000000102357001,
GMW000000102358001,
GMW000000102359001,
GMW000000102360001,
GMW000000102361001,
GMW000000102362001,
GMW000000102363001,
GMW000000102364001,
GMW000000102365001,
GMW000000102366001,
GMW000000102367001,
GMW000000102368001,
GMW000000102369001,
GMW000000102370001,
GMW000000102371001,
GMW000000102372001,
GMW000000102373001,
GMW000000102374001,
GMW000000102375001,
GMW000000102376001,
GMW000000102377001,
GMW000000102378001,
GMW000000102379001,
GMW000000102380001,
GMW000000102381001,
GMW000000102382001,
GMW000000102383001,
GMW000000102384001,
GMW000000102385001,
GMW000000102386001,
GMW000000102387001,
GMW000000102388001,
GMW000000102389001,
GMW000000102390001,
GMW000000102391001,
GMW000000102392001,
GMW000000102393001,
GMW000000102394001,
GMW000000102395001,
GMW000000102396001,
GMW000000102397001,
GMW000000102398001,
GMW000000102399001,
GMW000000102400001,
GMW000000102401001,
GMW000000102402001,
GMW000000102403001,
GMW000000102404001,
GMW000000102405001,
GMW000000102406001,
GMW000000102407001,
GMW000000102408001,
GMW000000102409001,
GMW000000102410001,
GMW000000102411001,
GMW000000102412001,
GMW000000102413001,
GMW000000102414001,
GMW000000102415001,
GMW000000102416001,
GMW000000102417001,
GMW000000102418001,
GMW000000102419001,
GMW000000102420001,
GMW000000102421001,
GMW000000102422001,
GMW000000102423001,
GMW000000102424001,
GMW000000102425001,
GMW000000102426001,
GMW000000102427001,
GMW000000102428001,
GMW000000102429001,
GMW000000102430001,
GMW000000102431001,
GMW000000102432001,
GMW000000102433001,
GMW000000102434001,
GMW000000102435001,
GMW000000102436001,
GMW000000102437001,
GMW000000102438001,
GMW000000102439001,
GMW000000102440001,
GMW000000102441001,
GMW000000102442001,
GMW000000102443001,
GMW000000102444001,
GMW000000102445001,
GMW000000102446001,
GMW000000102447001,
GMW000000102448001,
GMW000000102449001,
GMW000000102450001,
GMW000000102451001,
GMW000000102452001,
GMW000000102453001,
GMW000000102454001,
GMW000000102455001,
GMW000000102456001,
GMW000000102457001,
GMW000000102458001,
GMW000000102459001,
GMW000000102471001,
GMW000000102472001,
GMW000000102473001,
GMW000000102474001,
GMW000000102475001,
GMW000000102476001,
GMW000000102477001,
GMW000000102478001,
GMW000000102479001,
GMW000000102480001,
GMW000000102481001,
GMW000000102482001,
GMW000000102483001,
GMW000000102484001,
GMW000000102485001,
GMW000000102486001,
GMW000000102487001,
GMW000000102488001,
GMW000000102489001,
GMW000000102490001,
GMW000000102491001,
GMW000000102492001,
GMW000000102493001,
GMW000000102494001,
GMW000000102495001,
GMW000000102496001,
GMW000000102497001,
GMW000000102498001,
GMW000000102499001,
GMW000000102500001,
GMW000000102501001,
GMW000000102502001,
GMW000000102503001,
GMW000000102504001,
GMW000000102505001,
GMW000000102506001,
GMW000000102507001,
GMW000000102508001,
GMW000000102509001,
GMW000000102510001,
GMW000000102511001,
GMW000000102512001,
GMW000000102513001,
GMW000000102514001,
GMW000000102515001,
GMW000000102516001,
GMW000000102517001,
GMW000000102518001,
GMW000000102519001,
GMW000000102520001,
GMW000000102521001,
GMW000000102522001,
GMW000000102523001,
GMW000000102524001,
GMW000000102525001,
GMW000000102526001,
GMW000000102527001,
GMW000000102528001,
GMW000000102529001,
GMW000000102530001,
GMW000000102531001,
GMW000000102532001,
GMW000000102533001,
GMW000000102534001,
GMW000000102535001,
GMW000000102536001,
GMW000000102537001,
GMW000000102538001,
GMW000000102539001,
GMW000000102540001,
GMW000000102541001,
GMW000000102542001,
GMW000000102543001,
GMW000000102544001,
GMW000000102545001,
GMW000000102546001,
GMW000000102547001,
GMW000000102548001,
GMW000000102549001,
GMW000000102550001,
GMW000000102551001,
GMW000000102552001,
GMW000000102553001,
GMW000000102554001,
GMW000000102555001,
GMW000000102556001,
GMW000000102557001,
GMW000000102558001,
GMW000000102559001,
GMW000000102560001,
GMW000000102561001,
GMW000000102562001,
GMW000000102563001,
GMW000000102564001,
GMW000000102565001,
GMW000000102566001,
GMW000000102567001,
GMW000000102568001,
GMW000000102569001,
GMW000000102570001,
GMW000000102571001,
GMW000000102572001,
GMW000000102573001,
GMW000000102574001,
GMW000000102575001,
GMW000000102576001,
GMW000000102577001,
GMW000000102578001,
GMW000000102579001,
GMW000000102580001,
GMW000000102581001,
GMW000000102582001,
GMW000000102583001,
GMW000000102584001,
GMW000000102585001,
GMW000000102586001,
GMW000000102587001,
GMW000000102588001,
GMW000000102589001,
GMW000000102590001,
GMW000000102591001,
GMW000000102592001,
GMW000000102593001,
GMW000000102594001,
GMW000000102595001,
GMW000000102596001,
GMW000000102597001,
GMW000000102598001,
GMW000000102599001,
GMW000000102600001,
GMW000000102601001,
GMW000000102602001,
GMW000000102603001,
GMW000000102604001,
GMW000000102605001,
GMW000000102606001,
GMW000000102607001,
GMW000000102608001,
GMW000000102609001,
GMW000000102610001,
GMW000000102611001,
GMW000000102612001,
GMW000000102613001,
GMW000000102614001,
GMW000000102615001,
GMW000000102616001,
GMW000000102617001,
GMW000000102618001,
GMW000000102619001,
GMW000000102620001,
GMW000000102621001,
GMW000000102622001,
GMW000000102623001,
GMW000000102624001,
GMW000000102625001,
GMW000000102626001,
GMW000000102627001,
GMW000000102628001,
GMW000000102629001,
GMW000000102630001,
GMW000000102631001,
GMW000000102632001,
GMW000000102633001,
GMW000000102634001,
GMW000000102635001,
GMW000000102636001,
GMW000000102637001,
GMW000000102638001,
GMW000000102639001,
GMW000000102640001,
GMW000000102641001,
GMW000000102642001,
GMW000000102643001,
GMW000000102644001,
GMW000000102645001,
GMW000000102646001,
GMW000000102647001,
GMW000000102648001,
GMW000000102649001,
GMW000000102650001,
GMW000000102651001,
GMW000000102652001,
GMW000000102653001,
GMW000000102654001,
GMW000000102655001,
GMW000000102656001,
GMW000000102657001,
GMW000000102658001,
GMW000000102659001,
GMW000000102660001,
GMW000000102661001,
GMW000000102662001,
GMW000000102663001,
GMW000000102664001,
GMW000000102665001,
GMW000000102666001,
GMW000000102667001,
GMW000000102668001,
GMW000000102669001,
GMW000000102670001,
GMW000000102671001,
GMW000000102672001,
GMW000000102673001,
GMW000000102674001,
GMW000000102675001,
GMW000000102676001,
GMW000000102677001,
GMW000000102678001,
GMW000000102679001,
GMW000000102680001,
GMW000000102681001,
GMW000000102682001,
GMW000000102683001,
GMW000000102684001,
GMW000000102685001,
GMW000000102686001,
GMW000000102687001,
GMW000000102688001,
GMW000000102689001,
GMW000000102690001,
GMW000000102691001,
GMW000000102692001,
GMW000000102693001,
GMW000000102694001,
GMW000000102695001,
GMW000000102696001,
GMW000000102697001,
GMW000000102698001,
GMW000000102699001,
GMW000000102700001,
GMW000000102701001,
GMW000000102702001,
GMW000000102703001,
GMW000000102704001,
GMW000000102705001,
GMW000000102706001,
GMW000000102711001,
GMW000000102712001,
GMW000000102713001,
GMW000000102714001,
GMW000000102715001,
GMW000000102716001,
GMW000000102717001,
GMW000000102718001,
GMW000000102719001,
GMW000000102720001,
GMW000000102721001,
GMW000000102722001,
GMW000000102723001,
GMW000000102724001,
GMW000000102725001,
GMW000000102726001,
GMW000000102727001,
GMW000000102728001,
GMW000000102729001,
GMW000000102730001,
GMW000000102731001,
GMW000000102732001,
GMW000000102733001,
GMW000000102734001,
GMW000000102735001,
GMW000000102736001,
GMW000000102737001,
GMW000000102738001,
GMW000000102739001,
GMW000000102740001,
GMW000000102741001,
GMW000000102742001,
GMW000000102743001,
GMW000000102744001,
GMW000000102745001,
GMW000000102746001,
GMW000000102747001,
GMW000000102748001,
GMW000000102749001,
GMW000000102750001,
GMW000000102751001,
GMW000000102752001,
GMW000000102753001,
GMW000000102754001,
GMW000000102755001,
GMW000000102756001,
GMW000000102757001,
GMW000000102758001,
GMW000000102759001,
GMW000000102760001,
GMW000000102761001,
GMW000000102762001,
GMW000000102763001,
GMW000000102764001,
GMW000000102765001,
GMW000000102766001,
GMW000000102767001,
GMW000000102768001,
GMW000000102769001,
GMW000000102770001,
GMW000000102771001,
GMW000000102772001,
GMW000000102773001,
GMW000000102774001,
GMW000000102775001,
GMW000000102776001,
GMW000000102777001,
GMW000000102778001,
GMW000000102779001,
GMW000000102780001,
GMW000000102781001,
GMW000000102782001,
GMW000000102783001,
GMW000000102784001,
GMW000000102785001,
GMW000000102786001,
GMW000000102787001,
GMW000000102788001,
GMW000000102789001,
GMW000000102790001,
GMW000000102791001,
GMW000000102792001,
GMW000000102793001,
GMW000000102794001,
GMW000000102795001,
GMW000000102796001,
GMW000000102797001,
GMW000000102798001,
GMW000000102799001,
GMW000000102800001,
GMW000000102801001,
GMW000000102802001,
GMW000000102803001,
GMW000000102804001,
GMW000000102805001,
GMW000000102806001,
GMW000000102807001,
GMW000000102808001,
GMW000000102809001,
GMW000000102810001,
GMW000000102811001,
GMW000000102812001,
GMW000000102813001,
GMW000000102814001,
GMW000000102815001,
GMW000000102816001,
GMW000000102817001,
GMW000000102818001,
GMW000000102819001,
GMW000000102820001,
GMW000000102821001,
GMW000000102822001,
GMW000000102823001,
GMW000000102824001,
GMW000000102825001,
GMW000000102826001,
GMW000000102827001,
GMW000000102828001,
GMW000000102829001,
GMW000000102830001,
GMW000000102831001,
GMW000000102832001,
GMW000000102833001,
GMW000000102834001,
GMW000000102835001,
GMW000000102836001,
GMW000000102837001,
GMW000000102838001,
GMW000000102839001,
GMW000000102840001,
GMW000000102841001,
GMW000000102842001,
GMW000000102843001,
GMW000000102844001,
GMW000000102845001,
GMW000000102846001,
GMW000000102847001,
GMW000000102848001,
GMW000000102849001,
GMW000000102850001,
GMW000000102851001,
GMW000000102852001,
GMW000000102853001,
GMW000000102854001,
GMW000000102855001,
GMW000000102856001,
GMW000000102857001,
GMW000000102858001,
GMW000000102859001,
GMW000000102860001,
GMW000000102861001,
GMW000000102862001,
GMW000000102863001,
GMW000000102864001,
GMW000000102865001,
GMW000000102866001,
GMW000000102867001,
GMW000000102868001,
GMW000000102869001,
GMW000000102870001,
GMW000000102871001,
GMW000000102872001,
GMW000000102873001,
GMW000000102874001,
GMW000000102875001,
GMW000000102876001,
GMW000000102877001,
GMW000000102878001,
GMW000000102879001,
GMW000000102880001,
GMW000000102881001,
GMW000000102882001,
GMW000000102883001,
GMW000000102884001,
GMW000000102885001,
GMW000000102886001,
GMW000000102887001,
GMW000000102888001,
GMW000000102889001,
GMW000000102890001,
GMW000000102891001,
GMW000000102892001,
GMW000000102893001,
GMW000000102894001,
GMW000000102895001,
GMW000000102896001,
GMW000000102897001,
GMW000000102898001,
GMW000000102899001,
GMW000000102900001,
GMW000000102901001,
GMW000000102902001,
GMW000000102903001,
GMW000000102911001,
GMW000000102912001,
GMW000000102913001,
GMW000000102914001,
GMW000000102915001,
GMW000000102916001,
GMW000000102917001,
GMW000000102918001,
GMW000000102919001,
GMW000000102920001,
GMW000000102921001,
GMW000000102922001,
GMW000000102923001,
GMW000000102931001,
GMW000000103611001,
GMW000000103651001,
GMW000000103731001,
GMW000000103771001,
GMW000000103791001,
GMW000000103831001,
GMW000000103851001,
GMW000000103871001,
GMW000000103872001,
GMW000000103911001,
GMW000000103911002,
GMW000000103951001,
GMW000000103952001,
GMW000000103953001,
GMW000000103954001,
GMW000000103955001,
GMW000000103971001,
GMW000000103991001,
GMW000000108055001,
GMW000000108414001,
GMW000000108551001,
GMW000000108552001,
GMW000000108553136,
GMW000000108554137,
GMW000000108555138,
GMW000000108556001,
GMW000000108557001,
GMW000000108558001,
GMW000000108591001,
GMW000000108611001,
GMW000000108631001,
GMW000000110351001,
GMW000000110371001,
GMW000000110372001,
GMW000000110373001,
GMW000000110391001,
GMW000000110392188,
GMW000000110393189,
GMW000000110394208,
GMW000000110511001,
GMW000000110512001,
GMW000000110531001,
GMW000000110551001,
GMW000000110552001,
GMW000000110553001,
GMW000000110554001,
GMW000000110555001,
GMW000000110571001,
GMW000000110671001,
GMW000000110831001,
GMW000000110832001,
GMW000000110833001,
GMW000000110834001,
GMW000000110835001,
GMW000000110836001,
GMW000000110837001,
GMW000000111071001,
GMW000000111072001,
GMW000000111091001,
GMW000000111111001,
GMW000000111131001,
GMW000000111132001,
GMW000000111133001,
GMW000000111134001,
GMW000000111135001,
GMW000000111136001,
GMW000000111151001,
GMW000000111152001,
GMW000000111171001,
GMW000000111971001,
GMW000000111972001,
GMW000000111973001,
GMW000000112171001,
GMW000000112172001,
GMW000000112173001,
GMW000000112174001,
GMW000000112175001,
GMW000000112251001,
GMW000000112252001,
GMW000000112253001,
GMW000000112254001,
GMW000000112255001,
GMW000000112256001,
GMW000000112291001,
GMW000000112292001,
GMW000000112293001,
GMW000000112294001,
GMW000000112295001,
GMW000000112351001,
GMW000000112352001,
GMW000000112353001,
GMW000000112354001,
GMW000000112355001,
GMW000000112356001,
GMW000000112357001,
GMW000000112358001,
GMW000000112359001,
GMW000000112360001,
GMW000000112371001,
GMW000000112391001,
GMW000000112392001,
GMW000000112393001,
GMW000000112394001,
GMW000000112395001,
