date,tube_nr
GMW000000058417001,1
GMW000000058418001,1
GMW000000058419001,1
GMW000000058420001,1
GMW000000058421001,1
GMW000000058422001,1
GMW000000047266001,1
GMW000000063339000,0
GMW000000063340001,1
GMW000000063341001,1
GMW000000074100001,1
GMW000000074100002,2
GMW000000074101001,1
GMW000000074101002,2
GMW000000074102001,1
GMW000000074102002,2
GMW000000075142001,1
GMW000000075142002,2
GMW000000075142003,3
GMW000000075143003,3
GMW000000075143002,2
GMW000000075143001,1
GMW000000075144002,2
GMW000000075144001,1
GMW000000075144003,3
GMW000000075145003,3
GMW000000075145002,2
GMW000000075145001,1
GMW000000075145004,4
GMW000000078793001,1
GMW000000078793002,2
GMW000000078794002,2
GMW000000078794001,1
GMW000000078795002,2
GMW000000078795001,1
GMW000000078796002,2
GMW000000078796001,1
GMW000000078797002,2
GMW000000078797001,1
GMW000000078798002,2
GMW000000078798001,1
GMW000000080014002,2
GMW000000080014001,1
GMW000000080015001,1
GMW000000080015002,2
GMW000000026630001,1
GMW000000034637001,1
GMW000000034638001,1
GMW000000034639001,1
GMW000000034640001,1
GMW000000035402001,1
GMW000000035403001,1
GMW000000035404001,1
GMW000000035405001,1
GMW000000035406001,1
GMW000000035407001,1
GMW000000035408001,1
GMW000000035409001,1
GMW000000035410001,1
GMW000000035411001,1
GMW000000035412001,1
GMW000000035413001,1
GMW000000035414001,1
GMW000000035415001,1
GMW000000035416001,1
GMW000000035417001,1
GMW000000035418001,1
GMW000000035419001,1
GMW000000035420001,1
GMW000000035421001,1
GMW000000035422001,1
GMW000000035423001,1
GMW000000035424001,1
GMW000000035425001,1
GMW000000035426001,1
GMW000000035427001,1
GMW000000035428001,1
GMW000000035429001,1
GMW000000035430001,1
GMW000000035431001,1
GMW000000035432001,1
GMW000000035433001,1
GMW000000035434001,1
GMW000000035435001,1
GMW000000035436001,1
GMW000000035437001,1
GMW000000035438001,1
GMW000000035439001,1
GMW000000035440001,1
GMW000000035441001,1
GMW000000035442001,1
GMW000000035443001,1
GMW000000035444001,1
GMW000000035445001,1
GMW000000035446001,1
GMW000000035447001,1
GMW000000035448001,1
GMW000000035449001,1
GMW000000035450001,1
GMW000000035451001,1
GMW000000035452001,1
GMW000000035453001,1
GMW000000035454001,1
GMW000000035455001,1
GMW000000035456001,1
GMW000000035457001,1
GMW000000035458001,1
GMW000000035459001,1
GMW000000035460001,1
GMW000000035461001,1
GMW000000035462001,1
GMW000000035463001,1
GMW000000035464001,1
GMW000000035465001,1
GMW000000035466001,1
GMW000000035467001,1
GMW000000035468001,1
GMW000000035469001,1
GMW000000035470001,1
GMW000000035471001,1
GMW000000035472001,1
GMW000000035473001,1
GMW000000035474001,1
GMW000000035475001,1
GMW000000035476001,1
GMW000000035477001,1
GMW000000035478001,1
GMW000000035479001,1
GMW000000035480001,1
GMW000000035481001,1
GMW000000035482001,1
GMW000000035483001,1
GMW000000035484001,1
GMW000000035485001,1
GMW000000035486001,1
GMW000000035487001,1
GMW000000035488001,1
GMW000000035489001,1
GMW000000035490001,1
GMW000000035491001,1
GMW000000035492001,1
GMW000000035493001,1
GMW000000035494001,1
GMW000000035495001,1
GMW000000035496001,1
GMW000000035497001,1
GMW000000035498001,1
GMW000000035499001,1
GMW000000035500001,1
GMW000000035501001,1
GMW000000035502001,1
GMW000000035503001,1
GMW000000035504001,1
GMW000000035505001,1
GMW000000035506001,1
GMW000000035507001,1
GMW000000035508001,1
GMW000000035509001,1
GMW000000035510001,1
GMW000000035511001,1
GMW000000035512001,1
GMW000000035513001,1
GMW000000035514001,1
GMW000000035515001,1
GMW000000035516001,1
GMW000000035517001,1
GMW000000035518001,1
GMW000000035519001,1
GMW000000035520001,1
GMW000000035521001,1
GMW000000035522001,1
GMW000000035523001,1
GMW000000035524001,1
GMW000000035525001,1
GMW000000035526001,1
GMW000000035527001,1
GMW000000035528001,1
GMW000000035529001,1
GMW000000035530001,1
GMW000000035531001,1
GMW000000035532001,1
GMW000000035533001,1
GMW000000035534001,1
GMW000000035535001,1
GMW000000035536001,1
GMW000000035537001,1
GMW000000035538001,1
GMW000000035539001,1
GMW000000035540001,1
GMW000000035541001,1
GMW000000035542001,1
GMW000000035543001,1
GMW000000035544001,1
GMW000000035545001,1
GMW000000035546001,1
GMW000000035547001,1
GMW000000035548001,1
GMW000000035549001,1
GMW000000035550001,1
GMW000000035551001,1
GMW000000035552001,1
GMW000000035553001,1
GMW000000035554001,1
GMW000000035555001,1
GMW000000035556001,1
GMW000000035557001,1
GMW000000035558001,1
GMW000000035559001,1
GMW000000035560001,1
GMW000000035561001,1
GMW000000035562001,1
GMW000000035563001,1
GMW000000035564001,1
GMW000000035565001,1
GMW000000035566001,1
GMW000000035567001,1
GMW000000035568001,1
GMW000000035569001,1
GMW000000035570001,1
GMW000000035571001,1
GMW000000035572001,1
GMW000000035573001,1
GMW000000035574001,1
GMW000000035575001,1
GMW000000035576001,1
GMW000000035577001,1
GMW000000035578001,1
GMW000000035579001,1
GMW000000035580001,1
GMW000000035581001,1
GMW000000035582001,1
GMW000000035583001,1
GMW000000035584001,1
GMW000000035585001,1
GMW000000035586001,1
GMW000000035587001,1
GMW000000035588001,1
GMW000000035589001,1
GMW000000035590001,1
GMW000000035591001,1
GMW000000035592001,1
GMW000000035593001,1
GMW000000035594001,1
GMW000000035595001,1
GMW000000035596001,1
GMW000000035597001,1
GMW000000035598001,1
GMW000000035599001,1
GMW000000035600001,1
GMW000000035662001,1
GMW000000035663001,1
GMW000000035664001,1
GMW000000035665001,1
GMW000000035666001,1
GMW000000035667001,1
GMW000000035668001,1
GMW000000035669001,1
GMW000000035670001,1
GMW000000035671001,1
GMW000000035672001,1
GMW000000035673001,1
GMW000000035674001,1
GMW000000035675001,1
GMW000000035676001,1
GMW000000035677001,1
GMW000000035678001,1
GMW000000035679001,1
GMW000000035680001,1
GMW000000035681001,1
GMW000000035682001,1
GMW000000035683001,1
GMW000000035684001,1
GMW000000035685001,1
GMW000000035686001,1
GMW000000035687001,1
GMW000000035688001,1
GMW000000035689001,1
GMW000000035690001,1
GMW000000035691001,1
GMW000000035692001,1
GMW000000035693001,1
GMW000000035694001,1
GMW000000035695001,1
GMW000000035696001,1
GMW000000035697001,1
GMW000000035698001,1
GMW000000035699001,1
GMW000000035700001,1
GMW000000035701001,1
GMW000000035702001,1
GMW000000035703001,1
GMW000000035704001,1
GMW000000035705001,1
GMW000000035706001,1
GMW000000035707001,1
GMW000000035708001,1
GMW000000035709001,1
GMW000000035710001,1
GMW000000035711001,1
GMW000000035712001,1
GMW000000035713001,1
GMW000000035714001,1
GMW000000035715001,1
GMW000000035716001,1
GMW000000035717001,1
GMW000000035718001,1
GMW000000035719001,1
GMW000000035720001,1
GMW000000035721001,1
GMW000000035722001,1
GMW000000035723001,1
GMW000000035724001,1
GMW000000035725001,1
GMW000000035726001,1
GMW000000035727001,1
GMW000000035728001,1
GMW000000035729001,1
GMW000000035730001,1
GMW000000035731001,1
GMW000000035732001,1
GMW000000035733001,1
GMW000000035734001,1
GMW000000035735001,1
GMW000000035736001,1
GMW000000035737001,1
GMW000000035738001,1
GMW000000035739001,1
GMW000000035740001,1
GMW000000035741001,1
GMW000000035742001,1
GMW000000035743001,1
GMW000000035744001,1
GMW000000035745001,1
GMW000000035746001,1
GMW000000035747001,1
GMW000000035748001,1
GMW000000035749001,1
GMW000000035750001,1
GMW000000035751001,1
GMW000000035752001,1
GMW000000035753001,1
GMW000000035754001,1
GMW000000035755001,1
GMW000000035756001,1
GMW000000035757001,1
GMW000000035758001,1
GMW000000035759001,1
GMW000000035760001,1
GMW000000035761001,1
GMW000000035762001,1
GMW000000035763001,1
GMW000000035764001,1
GMW000000035765001,1
GMW000000035766001,1
GMW000000035767001,1
GMW000000035768001,1
GMW000000035769001,1
GMW000000035770001,1
GMW000000035771001,1
GMW000000035772001,1
GMW000000035773001,1
GMW000000035774001,1
GMW000000035775001,1
GMW000000035776001,1
GMW000000035777001,1
GMW000000035778001,1
GMW000000035779001,1
GMW000000035780001,1
GMW000000035781001,1
GMW000000035782001,1
GMW000000035783001,1
GMW000000035784001,1
GMW000000035785001,1
GMW000000035786001,1
GMW000000035787001,1
GMW000000035788001,1
GMW000000035789001,1
GMW000000035790001,1
GMW000000035791001,1
GMW000000035792001,1
GMW000000035793001,1
GMW000000035794001,1
GMW000000035795001,1
GMW000000035796001,1
GMW000000035797001,1
GMW000000035798001,1
GMW000000035799001,1
GMW000000035800001,1
GMW000000035801001,1
GMW000000035802001,1
GMW000000035803001,1
GMW000000035804001,1
GMW000000035805001,1
GMW000000035806001,1
GMW000000035807001,1
GMW000000035808001,1
GMW000000035809001,1
GMW000000035810001,1
GMW000000035811001,1
GMW000000035812001,1
GMW000000035813001,1
GMW000000035814001,1
GMW000000035815001,1
GMW000000035816001,1
GMW000000035817001,1
GMW000000035818001,1
GMW000000035819001,1
GMW000000035820001,1
GMW000000035821001,1
GMW000000035822001,1
GMW000000035823001,1
GMW000000035824001,1
GMW000000035825001,1
GMW000000035826001,1
GMW000000035827001,1
GMW000000035828001,1
GMW000000035829001,1
GMW000000035830001,1
GMW000000035831001,1
GMW000000035832001,1
GMW000000035833001,1
GMW000000035834001,1
GMW000000035835001,1
GMW000000035836001,1
GMW000000035837001,1
GMW000000035838001,1
GMW000000035839001,1
GMW000000035840001,1
GMW000000035841001,1
GMW000000035842001,1
GMW000000035843001,1
GMW000000035844001,1
GMW000000035845001,1
GMW000000035846001,1
GMW000000035847001,1
GMW000000035848001,1
GMW000000035849001,1
GMW000000035850001,1
GMW000000035851001,1
GMW000000035852001,1
GMW000000035853001,1
GMW000000035854001,1
GMW000000035855001,1
GMW000000035856001,1
GMW000000035857001,1
GMW000000035858001,1
GMW000000035859001,1
GMW000000035860001,1
GMW000000035861001,1
GMW000000035862001,1
GMW000000035863001,1
GMW000000035864001,1
GMW000000035865001,1
GMW000000035866001,1
GMW000000035867001,1
GMW000000035868001,1
GMW000000035869001,1
GMW000000035870001,1
GMW000000035871001,1
GMW000000035872001,1
GMW000000035873001,1
GMW000000035874001,1
GMW000000035875001,1
GMW000000035876001,1
GMW000000035877001,1
GMW000000035878001,1
GMW000000035879001,1
GMW000000035880001,1
GMW000000035881001,1
GMW000000035882001,1
GMW000000035883001,1
GMW000000035884001,1
GMW000000035885001,1
GMW000000035886001,1
GMW000000035887001,1
GMW000000035888001,1
GMW000000035889001,1
GMW000000035890001,1
GMW000000035891001,1
GMW000000035892001,1
GMW000000035893001,1
GMW000000035894001,1
GMW000000035895001,1
GMW000000035896001,1
GMW000000035897001,1
GMW000000035898001,1
GMW000000035899001,1
GMW000000035900001,1
GMW000000035901001,1
GMW000000035902001,1
GMW000000035903001,1
GMW000000035904001,1
GMW000000035905001,1
GMW000000035906001,1
GMW000000035907001,1
GMW000000035908001,1
GMW000000035909001,1
GMW000000035910001,1
GMW000000035911001,1
GMW000000035912001,1
GMW000000035913001,1
GMW000000035914001,1
GMW000000035915001,1
GMW000000035916001,1
GMW000000035917001,1
GMW000000035918001,1
GMW000000035919001,1
GMW000000035920001,1
GMW000000035921001,1
GMW000000035922001,1
GMW000000035923001,1
GMW000000035924001,1
GMW000000035925001,1
GMW000000035926001,1
GMW000000035927001,1
GMW000000035928001,1
GMW000000035929001,1
GMW000000035930001,1
GMW000000035931001,1
GMW000000035932001,1
GMW000000035933001,1
GMW000000035934001,1
GMW000000035935001,1
GMW000000035936001,1
GMW000000035937001,1
GMW000000035938001,1
GMW000000035939001,1
GMW000000035940001,1
GMW000000035941001,1
GMW000000035942001,1
GMW000000035943001,1
GMW000000035944001,1
GMW000000035945001,1
GMW000000035946001,1
GMW000000035947001,1
GMW000000035948001,1
GMW000000035949001,1
GMW000000035950001,1
GMW000000035951001,1
GMW000000035952001,1
GMW000000035953001,1
GMW000000035954001,1
GMW000000035955001,1
GMW000000035956001,1
GMW000000035957001,1
GMW000000035958001,1
GMW000000035959001,1
GMW000000035960001,1
GMW000000035961001,1
GMW000000035962001,1
GMW000000035963001,1
GMW000000035964001,1
GMW000000035965001,1
GMW000000035966001,1
GMW000000035967001,1
GMW000000035968001,1
GMW000000035969001,1
GMW000000035970001,1
GMW000000035971001,1
GMW000000035972001,1
GMW000000035973001,1
GMW000000035974001,1
GMW000000035975001,1
GMW000000035976001,1
GMW000000035977001,1
GMW000000035978001,1
GMW000000035979001,1
GMW000000035980001,1
GMW000000035981001,1
GMW000000035982001,1
GMW000000035983001,1
GMW000000035984001,1
GMW000000035985001,1
GMW000000035986001,1
GMW000000035987001,1
GMW000000035988001,1
GMW000000035989001,1
GMW000000035990001,1
GMW000000035991001,1
GMW000000035992001,1
GMW000000035993001,1
GMW000000035994001,1
GMW000000035995001,1
GMW000000035996001,1
GMW000000035997001,1
GMW000000035998001,1
GMW000000035999001,1
GMW000000036000001,1
GMW000000036001001,1
GMW000000036002001,1
GMW000000036003001,1
GMW000000036004001,1
GMW000000036005001,1
GMW000000036006001,1
GMW000000036007001,1
GMW000000036008001,1
GMW000000036009001,1
GMW000000036010001,1
GMW000000036011001,1
GMW000000036012001,1
GMW000000036013001,1
GMW000000036014001,1
GMW000000036015001,1
GMW000000036016001,1
GMW000000036017001,1
GMW000000036018001,1
GMW000000036019001,1
GMW000000036020001,1
GMW000000036021001,1
GMW000000036022001,1
GMW000000036023001,1
GMW000000036024001,1
GMW000000036025001,1
GMW000000036026001,1
GMW000000036027001,1
GMW000000036028001,1
GMW000000036029001,1
GMW000000036030001,1
GMW000000036031001,1
GMW000000036032001,1
GMW000000036033001,1
GMW000000036034001,1
GMW000000036035001,1
GMW000000036036001,1
GMW000000036037001,1
GMW000000036038001,1
GMW000000036039001,1
GMW000000036040001,1
GMW000000036041001,1
GMW000000036042001,1
GMW000000036043001,1
GMW000000036044001,1
GMW000000036045001,1
GMW000000036046001,1
GMW000000036047001,1
GMW000000036048001,1
GMW000000036049001,1
GMW000000036050001,1
GMW000000036051001,1
GMW000000036052001,1
GMW000000036053001,1
GMW000000036054001,1
GMW000000036055001,1
GMW000000036056001,1
GMW000000036057001,1
GMW000000036058001,1
GMW000000036059001,1
GMW000000036060001,1
GMW000000036061001,1
GMW000000036071001,1
GMW000000036072001,1
GMW000000036073001,1
GMW000000036074001,1
GMW000000036075001,1
GMW000000036076001,1
GMW000000036077001,1
GMW000000036078001,1
GMW000000036079001,1
GMW000000036080001,1
GMW000000036081001,1
GMW000000036082001,1
GMW000000036083001,1
GMW000000036084001,1
GMW000000036085001,1
GMW000000036086001,1
GMW000000036087001,1
GMW000000036088001,1
GMW000000036089001,1
GMW000000036090001,1
GMW000000036091001,1
GMW000000036092001,1
GMW000000036093001,1
GMW000000036094001,1
GMW000000036095001,1
GMW000000036096001,1
GMW000000036097001,1
GMW000000036098001,1
GMW000000036099001,1
GMW000000036100001,1
GMW000000036101001,1
GMW000000036102001,1
GMW000000036103001,1
GMW000000036104001,1
GMW000000036105001,1
GMW000000036106001,1
GMW000000036107001,1
GMW000000036108001,1
GMW000000036109001,1
GMW000000036110001,1
GMW000000036111001,1
GMW000000036112001,1
GMW000000036113001,1
GMW000000036114001,1
GMW000000036115001,1
GMW000000036116001,1
GMW000000036117001,1
GMW000000036118001,1
GMW000000036119001,1
GMW000000036120001,1
GMW000000036121001,1
GMW000000036122001,1
GMW000000036123001,1
GMW000000036124001,1
GMW000000036125001,1
GMW000000036126001,1
GMW000000036127001,1
GMW000000036128001,1
GMW000000036129001,1
GMW000000036130001,1
GMW000000036131001,1
GMW000000036132001,1
GMW000000036133001,1
GMW000000036142001,1
GMW000000036143001,1
GMW000000036144001,1
GMW000000036145001,1
GMW000000036146001,1
GMW000000036147001,1
GMW000000036148001,1
GMW000000036149001,1
GMW000000036150001,1
GMW000000036151001,1
GMW000000036152001,1
GMW000000036153001,1
GMW000000036154001,1
GMW000000036155001,1
GMW000000036156001,1
GMW000000036157001,1
GMW000000036158001,1
GMW000000036159001,1
GMW000000036160001,1
GMW000000036161001,1
GMW000000036162001,1
GMW000000036163001,1
GMW000000036164001,1
GMW000000036165001,1
GMW000000036166001,1
GMW000000036167001,1
GMW000000036168001,1
GMW000000036169001,1
GMW000000036170001,1
GMW000000036171001,1
GMW000000036172001,1
GMW000000036173001,1
GMW000000036174001,1
GMW000000036175001,1
GMW000000036176001,1
GMW000000036177001,1
GMW000000036178001,1
GMW000000036179001,1
GMW000000036180001,1
GMW000000036181001,1
GMW000000036182001,1
GMW000000036183001,1
GMW000000036184001,1
GMW000000036185001,1
GMW000000036186001,1
GMW000000036187001,1
GMW000000036188001,1
GMW000000036189001,1
GMW000000036190001,1
GMW000000036191001,1
GMW000000036192001,1
GMW000000036193001,1
GMW000000036194001,1
GMW000000036195001,1
GMW000000036196001,1
GMW000000036197001,1
GMW000000036198001,1
GMW000000036199001,1
GMW000000036200001,1
GMW000000036201001,1
GMW000000036202001,1
GMW000000036203001,1
GMW000000036204001,1
GMW000000036205001,1
GMW000000036206001,1
GMW000000036207001,1
GMW000000036208001,1
GMW000000036209001,1
GMW000000036210001,1
GMW000000036211001,1
GMW000000036212001,1
GMW000000036213001,1
GMW000000036214001,1
GMW000000036215001,1
GMW000000036216001,1
GMW000000036217001,1
GMW000000036218001,1
GMW000000036219001,1
GMW000000036220001,1
GMW000000036221001,1
GMW000000036222001,1
GMW000000036223001,1
GMW000000036224001,1
GMW000000036225001,1
GMW000000036226001,1
GMW000000036227001,1
GMW000000036228001,1
GMW000000036229001,1
GMW000000036230001,1
GMW000000036231001,1
GMW000000036232001,1
GMW000000036233001,1
GMW000000036234001,1
GMW000000036235001,1
GMW000000036236001,1
GMW000000036237001,1
GMW000000036238001,1
GMW000000036239001,1
GMW000000036240001,1
GMW000000036241001,1
GMW000000036242001,1
GMW000000036243001,1
GMW000000036244001,1
GMW000000036245001,1
GMW000000036246001,1
GMW000000036247001,1
GMW000000036248001,1
GMW000000036249001,1
GMW000000036250001,1
GMW000000036251001,1
GMW000000036252001,1
GMW000000036253001,1
GMW000000036254001,1
GMW000000036255001,1
GMW000000036256001,1
GMW000000036257001,1
GMW000000036258001,1
GMW000000036259001,1
GMW000000036260001,1
GMW000000036261001,1
GMW000000036262001,1
GMW000000036263001,1
GMW000000036264001,1
GMW000000036265001,1
GMW000000036266001,1
GMW000000036267001,1
GMW000000036268001,1
GMW000000036269001,1
GMW000000036270001,1
GMW000000036271001,1
GMW000000036272001,1
GMW000000036273001,1
GMW000000036274001,1
GMW000000036275001,1
GMW000000036276001,1
GMW000000036277001,1
GMW000000036278001,1
GMW000000036441001,1
GMW000000036442001,1
GMW000000036443001,1
GMW000000036444001,1
GMW000000036445001,1
GMW000000036446001,1
GMW000000036447001,1
GMW000000036448001,1
GMW000000036449001,1
GMW000000036450001,1
GMW000000036451001,1
GMW000000036452001,1
GMW000000036453001,1
GMW000000036454001,1
GMW000000036455001,1
GMW000000036456001,1
GMW000000036457001,1
GMW000000036458001,1
GMW000000036459001,1
GMW000000036460001,1
GMW000000036461001,1
GMW000000036462001,1
GMW000000036463001,1
GMW000000036464001,1
GMW000000036465001,1
GMW000000036466001,1
GMW000000036467001,1
GMW000000036468001,1
GMW000000036469001,1
GMW000000036470001,1
GMW000000036471001,1
GMW000000036472001,1
GMW000000036473001,1
GMW000000036474001,1
GMW000000036475001,1
GMW000000036476001,1
GMW000000036477001,1
GMW000000036478001,1
GMW000000036479001,1
GMW000000036480001,1
GMW000000036481001,1
GMW000000036482001,1
GMW000000036483001,1
GMW000000036484001,1
GMW000000036485001,1
GMW000000036486001,1
GMW000000036487001,1
GMW000000036488001,1
GMW000000036489001,1
GMW000000036490001,1
GMW000000036491001,1
GMW000000036492001,1
GMW000000036493001,1
GMW000000036494001,1
GMW000000036495001,1
GMW000000036496001,1
GMW000000036497001,1
GMW000000036498001,1
GMW000000036499001,1
GMW000000036500001,1
GMW000000036501001,1
GMW000000036502001,1
GMW000000036503001,1
GMW000000036504001,1
GMW000000036505001,1
GMW000000036506001,1
GMW000000036507001,1
GMW000000036508001,1
GMW000000036509001,1
GMW000000036510001,1
GMW000000036511001,1
GMW000000036512001,1
GMW000000036513001,1
GMW000000036514001,1
GMW000000036515001,1
GMW000000036516001,1
GMW000000036517001,1
GMW000000036518001,1
GMW000000036519001,1
GMW000000036520001,1
GMW000000036521001,1
GMW000000036522001,1
GMW000000036523001,1
GMW000000036524001,1
GMW000000036525001,1
GMW000000036526001,1
GMW000000036527001,1
GMW000000036528001,1
GMW000000036529001,1
GMW000000036530001,1
GMW000000036531001,1
GMW000000036532001,1
GMW000000036533001,1
GMW000000036534001,1
GMW000000036535001,1
GMW000000036536001,1
GMW000000036537001,1
GMW000000036538001,1
GMW000000036539001,1
GMW000000036540001,1
GMW000000036541001,1
GMW000000036542001,1
GMW000000036543001,1
GMW000000036544001,1
GMW000000036545001,1
GMW000000036546001,1
GMW000000036547001,1
GMW000000036548001,1
GMW000000036549001,1
GMW000000036550001,1
GMW000000036551001,1
GMW000000036552001,1
GMW000000036553001,1
GMW000000036554001,1
GMW000000036555001,1
GMW000000036556001,1
GMW000000036557001,1
GMW000000036558001,1
GMW000000036559001,1
GMW000000036560001,1
GMW000000036561001,1
GMW000000036562001,1
GMW000000036563001,1
GMW000000036564001,1
GMW000000036565001,1
GMW000000036566001,1
GMW000000036567001,1
GMW000000036568001,1
GMW000000036569001,1
GMW000000036570001,1
GMW000000036571001,1
GMW000000036572001,1
GMW000000036573001,1
GMW000000036574001,1
GMW000000036575001,1
GMW000000036576001,1
GMW000000036577001,1
GMW000000036578001,1
GMW000000036579001,1
GMW000000036580001,1
GMW000000036581001,1
GMW000000036582001,1
GMW000000036583001,1
GMW000000036584001,1
GMW000000036585001,1
GMW000000036586001,1
GMW000000036587001,1
GMW000000036588001,1
GMW000000036589001,1
GMW000000036590001,1
GMW000000036591001,1
GMW000000036592001,1
GMW000000036593001,1
GMW000000036594001,1
GMW000000036595001,1
GMW000000036596001,1
GMW000000036597001,1
GMW000000036598001,1
GMW000000036599001,1
GMW000000036600001,1
GMW000000036601001,1
GMW000000036602001,1
GMW000000036603001,1
GMW000000036604001,1
GMW000000036605001,1
GMW000000036606001,1
GMW000000036607001,1
GMW000000036608001,1
GMW000000036609001,1
GMW000000036610001,1
GMW000000036611001,1
GMW000000036612001,1
GMW000000036613001,1
GMW000000036614001,1
GMW000000036615001,1
GMW000000036616001,1
GMW000000036617001,1
GMW000000036618001,1
GMW000000036619001,1
GMW000000036620001,1
GMW000000036621001,1
GMW000000036622001,1
GMW000000036623001,1
GMW000000036624001,1
GMW000000036625001,1
GMW000000036626001,1
GMW000000036627001,1
GMW000000036628001,1
GMW000000036629001,1
GMW000000036630001,1
GMW000000036631001,1
GMW000000036632001,1
GMW000000036633001,1
GMW000000036634001,1
GMW000000036635001,1
GMW000000036636001,1
GMW000000036637001,1
GMW000000036638001,1
GMW000000036639001,1
GMW000000036642001,1
GMW000000036643001,1
GMW000000036644001,1
GMW000000036645001,1
GMW000000036646001,1
GMW000000036647001,1
GMW000000036648001,1
GMW000000036649001,1
GMW000000036650001,1
GMW000000036651001,1
GMW000000036652001,1
GMW000000036653001,1
GMW000000036654001,1
GMW000000036655001,1
GMW000000036656001,1
GMW000000036657001,1
GMW000000036658001,1
GMW000000036659001,1
GMW000000036660001,1
GMW000000036661001,1
GMW000000036662001,1
GMW000000036663001,1
GMW000000036664001,1
GMW000000036665001,1
GMW000000036666001,1
GMW000000036667001,1
GMW000000036668001,1
GMW000000036669001,1
GMW000000036670001,1
GMW000000036671001,1
GMW000000036672001,1
GMW000000036673001,1
GMW000000036674001,1
GMW000000036675001,1
GMW000000036676001,1
GMW000000036677001,1
GMW000000036678001,1
GMW000000036679001,1
GMW000000036680001,1
GMW000000036681001,1
GMW000000036682001,1
GMW000000036683001,1
GMW000000036684001,1
GMW000000036685001,1
GMW000000036686001,1
GMW000000036687001,1
GMW000000036688001,1
GMW000000036689001,1
GMW000000036690001,1
GMW000000036691001,1
GMW000000036692001,1
GMW000000036693001,1
GMW000000036694001,1
GMW000000036695001,1
GMW000000036696001,1
GMW000000036697001,1
GMW000000036698001,1
GMW000000036699001,1
GMW000000036700001,1
GMW000000036701001,1
GMW000000036702001,1
GMW000000036703001,1
GMW000000036704001,1
GMW000000036705001,1
GMW000000036706001,1
GMW000000036707001,1
GMW000000036708001,1
GMW000000036709001,1
GMW000000036710001,1
GMW000000036711001,1
GMW000000036712001,1
GMW000000036713001,1
GMW000000036714001,1
GMW000000036715001,1
GMW000000036716001,1
GMW000000036717001,1
GMW000000036718001,1
GMW000000036719001,1
GMW000000036720001,1
GMW000000036721001,1
GMW000000036722001,1
GMW000000036723001,1
GMW000000036724001,1
GMW000000036725001,1
GMW000000036726001,1
GMW000000036727001,1
GMW000000036728001,1
GMW000000036729001,1
GMW000000036730001,1
GMW000000036731001,1
GMW000000036732001,1
GMW000000036733001,1
GMW000000036734001,1
GMW000000036735001,1
GMW000000036736001,1
GMW000000036737001,1
GMW000000036738001,1
GMW000000036739001,1
GMW000000036740001,1
GMW000000036741001,1
GMW000000036742001,1
GMW000000036743001,1
GMW000000036744001,1
GMW000000036745001,1
GMW000000036746001,1
GMW000000036747001,1
GMW000000036748001,1
GMW000000036749001,1
GMW000000036750001,1
GMW000000036751001,1
GMW000000036752001,1
GMW000000036753001,1
GMW000000036754001,1
GMW000000036755001,1
GMW000000036756001,1
GMW000000036757001,1
GMW000000036758001,1
GMW000000036759001,1
GMW000000036760001,1
GMW000000036761001,1
GMW000000036762001,1
GMW000000036763001,1
GMW000000036764001,1
GMW000000036765001,1
GMW000000036766001,1
GMW000000036767001,1
GMW000000036768001,1
GMW000000036769001,1
GMW000000036770001,1
GMW000000036771001,1
GMW000000036772001,1
GMW000000036773001,1
GMW000000036774001,1
GMW000000036775001,1
GMW000000036776001,1
GMW000000036777001,1
GMW000000036778001,1
GMW000000036779001,1
GMW000000036780001,1
GMW000000036781001,1
GMW000000036782001,1
GMW000000036783001,1
GMW000000036784001,1
GMW000000036785001,1
GMW000000036786001,1
GMW000000036787001,1
GMW000000036788001,1
GMW000000036789001,1
GMW000000036790001,1
GMW000000036791001,1
GMW000000036792001,1
GMW000000036793001,1
GMW000000036794001,1
GMW000000036795001,1
GMW000000036796001,1
GMW000000036797001,1
GMW000000036798001,1
GMW000000036799001,1
GMW000000036800001,1
GMW000000036801001,1
GMW000000036802001,1
GMW000000036803001,1
GMW000000036804001,1
GMW000000036805001,1
GMW000000036806001,1
GMW000000036807001,1
GMW000000036808001,1
GMW000000036809001,1
GMW000000036810001,1
GMW000000036811001,1
GMW000000036812001,1
GMW000000036813001,1
GMW000000036814001,1
GMW000000036815001,1
GMW000000036816001,1
GMW000000036817001,1
GMW000000036818001,1
GMW000000036819001,1
GMW000000036820001,1
GMW000000036821001,1
GMW000000036822001,1
GMW000000036823001,1
GMW000000036824001,1
GMW000000036825001,1
GMW000000036826001,1
GMW000000036827001,1
GMW000000036828001,1
GMW000000036829001,1
GMW000000036830001,1
GMW000000036831001,1
GMW000000036832001,1
GMW000000036833001,1
GMW000000036834001,1
GMW000000036835001,1
GMW000000036836001,1
GMW000000036837001,1
GMW000000036838001,1
GMW000000036839001,1
GMW000000036842001,1
GMW000000036843001,1
GMW000000036844001,1
GMW000000036845001,1
GMW000000036846001,1
GMW000000036847001,1
GMW000000036848001,1
GMW000000036849001,1
GMW000000036850001,1
GMW000000036851001,1
GMW000000036852001,1
GMW000000036853001,1
GMW000000036854001,1
GMW000000036855001,1
GMW000000036856001,1
GMW000000036857001,1
GMW000000036858001,1
GMW000000036859001,1
GMW000000036860001,1
GMW000000036861001,1
GMW000000036862001,1
GMW000000036863001,1
GMW000000036864001,1
GMW000000036865001,1
GMW000000036866001,1
GMW000000036867001,1
GMW000000036868001,1
GMW000000036869001,1
GMW000000036870001,1
GMW000000036871001,1
GMW000000036872001,1
GMW000000036873001,1
GMW000000036874001,1
GMW000000036875001,1
GMW000000036877001,1
GMW000000036878001,1
GMW000000036879001,1
GMW000000036880001,1
GMW000000036881001,1
GMW000000036882001,1
GMW000000036883001,1
GMW000000036884001,1
GMW000000036885001,1
GMW000000036886001,1
GMW000000036887001,1
GMW000000036888001,1
GMW000000036889001,1
GMW000000036890001,1
GMW000000036891001,1
GMW000000036892001,1
GMW000000036893001,1
GMW000000036894001,1
GMW000000036895001,1
GMW000000036896001,1
GMW000000036897001,1
GMW000000036898001,1
GMW000000036899001,1
GMW000000036900001,1
GMW000000036901001,1
GMW000000036902001,1
GMW000000036903001,1
GMW000000036904001,1
GMW000000036905001,1
GMW000000036906001,1
GMW000000036907001,1
GMW000000036908001,1
GMW000000036909001,1
GMW000000036910001,1
GMW000000036911001,1
GMW000000036912001,1
GMW000000036913001,1
GMW000000036914001,1
GMW000000036915001,1
GMW000000036916001,1
GMW000000036917001,1
GMW000000036918001,1
GMW000000036919001,1
GMW000000036920001,1
GMW000000036921001,1
GMW000000036922001,1
GMW000000036923001,1
GMW000000036924001,1
GMW000000036925001,1
GMW000000036926001,1
GMW000000036927001,1
GMW000000036928001,1
GMW000000036929001,1
GMW000000036930001,1
GMW000000036931001,1
GMW000000036932001,1
GMW000000036933001,1
GMW000000036934001,1
GMW000000036935001,1
GMW000000036936001,1
GMW000000036937001,1
GMW000000036938001,1
GMW000000036939001,1
GMW000000036940001,1
GMW000000036941001,1
GMW000000036942001,1
GMW000000036943001,1
GMW000000036944001,1
GMW000000036945001,1
GMW000000036946001,1
GMW000000036947001,1
GMW000000036948001,1
GMW000000036949001,1
GMW000000036950001,1
GMW000000036951001,1
GMW000000036952001,1
GMW000000036953001,1
GMW000000036954001,1
GMW000000036955001,1
GMW000000036956001,1
GMW000000036957001,1
GMW000000036958001,1
GMW000000036959001,1
GMW000000036960001,1
GMW000000036961001,1
GMW000000036962001,1
GMW000000036963001,1
GMW000000036964001,1
GMW000000036965001,1
GMW000000036966001,1
GMW000000036967001,1
GMW000000036968001,1
GMW000000036969001,1
GMW000000036970001,1
GMW000000036971001,1
GMW000000036972001,1
GMW000000036973001,1
GMW000000036974001,1
GMW000000036975001,1
GMW000000036976001,1
GMW000000036977001,1
GMW000000036978001,1
GMW000000036979001,1
GMW000000036980001,1
GMW000000036981001,1
GMW000000036982001,1
GMW000000036983001,1
GMW000000036984001,1
GMW000000036985001,1
GMW000000036986001,1
GMW000000036987001,1
GMW000000036988001,1
GMW000000036989001,1
GMW000000036990001,1
GMW000000036991001,1
GMW000000036992001,1
GMW000000036993001,1
GMW000000036994001,1
GMW000000036995001,1
GMW000000036996001,1
GMW000000036997001,1
GMW000000036998001,1
GMW000000036999001,1
GMW000000037000001,1
GMW000000037001001,1
GMW000000037002001,1
GMW000000037003001,1
GMW000000037004001,1
GMW000000037005001,1
GMW000000037006001,1
GMW000000037007001,1
GMW000000037008001,1
GMW000000037009001,1
GMW000000037010001,1
GMW000000037011001,1
GMW000000037012001,1
GMW000000037013001,1
GMW000000037014001,1
GMW000000037015001,1
GMW000000037016001,1
GMW000000037017001,1
GMW000000037018001,1
GMW000000037019001,1
GMW000000037020001,1
GMW000000037021001,1
GMW000000037022001,1
GMW000000037023001,1
GMW000000037024001,1
GMW000000037025001,1
GMW000000037026001,1
GMW000000037027001,1
GMW000000037028001,1
GMW000000037029001,1
GMW000000037030001,1
GMW000000037031001,1
GMW000000037032001,1
GMW000000037033001,1
GMW000000037034001,1
GMW000000037035001,1
GMW000000037036001,1
GMW000000037037001,1
GMW000000037038001,1
GMW000000037039001,1
GMW000000037040001,1
GMW000000037294001,1
GMW000000037295001,1
GMW000000037296001,1
GMW000000037297001,1
GMW000000037298001,1
GMW000000037299001,1
GMW000000037300001,1
GMW000000037301001,1
GMW000000037302001,1
GMW000000037303001,1
GMW000000037304001,1
GMW000000037305001,1
GMW000000037306001,1
GMW000000037307001,1
GMW000000037308001,1
GMW000000037309001,1
GMW000000037310001,1
GMW000000037311001,1
GMW000000037312001,1
GMW000000037313001,1
GMW000000037314001,1
GMW000000037315001,1
GMW000000037316001,1
GMW000000037317001,1
GMW000000037318001,1
GMW000000037319001,1
GMW000000037320001,1
GMW000000037321001,1
GMW000000037322001,1
GMW000000037323001,1
GMW000000037324001,1
GMW000000037325001,1
GMW000000037326001,1
GMW000000037327001,1
GMW000000037328001,1
GMW000000037329001,1
GMW000000037330001,1
GMW000000037331001,1
GMW000000037332001,1
GMW000000037333001,1
GMW000000037334001,1
GMW000000037335001,1
GMW000000037336001,1
GMW000000037337001,1
GMW000000037338001,1
GMW000000037339001,1
GMW000000037340001,1
GMW000000037341001,1
GMW000000037342001,1
GMW000000037343001,1
GMW000000037344001,1
GMW000000037345001,1
GMW000000037346001,1
GMW000000037347001,1
GMW000000037348001,1
GMW000000037349001,1
GMW000000037350001,1
GMW000000037351001,1
GMW000000037352001,1
GMW000000037353001,1
GMW000000037354001,1
GMW000000037355001,1
GMW000000037356001,1
GMW000000037357001,1
GMW000000037358001,1
GMW000000037359001,1
GMW000000037360001,1
GMW000000037361001,1
GMW000000037362001,1
GMW000000037363001,1
GMW000000037364001,1
GMW000000037365001,1
GMW000000037366001,1
GMW000000037367001,1
GMW000000037368001,1
GMW000000037369001,1
GMW000000037370001,1
GMW000000037371001,1
GMW000000037372001,1
GMW000000037373001,1
GMW000000037374001,1
GMW000000037375001,1
GMW000000037376001,1
GMW000000037377001,1
GMW000000037378001,1
GMW000000037379001,1
GMW000000037380001,1
GMW000000037381001,1
GMW000000037382001,1
GMW000000037383001,1
GMW000000037384001,1
GMW000000037385001,1
GMW000000037386001,1
GMW000000037387001,1
GMW000000037388001,1
GMW000000037389001,1
GMW000000037390001,1
GMW000000037391001,1
GMW000000037392001,1
GMW000000037393001,1
GMW000000037394001,1
GMW000000037395001,1
GMW000000037396001,1
GMW000000037397001,1
GMW000000037398001,1
GMW000000037399001,1
GMW000000037400001,1
GMW000000037401001,1
GMW000000037402001,1
GMW000000037403001,1
GMW000000037404001,1
GMW000000037405001,1
GMW000000037406001,1
GMW000000037407001,1
GMW000000037408001,1
GMW000000037409001,1
GMW000000037410001,1
GMW000000037411001,1
GMW000000037412001,1
GMW000000037413001,1
GMW000000037414001,1
GMW000000037415001,1
GMW000000037416001,1
GMW000000037417001,1
GMW000000037418001,1
GMW000000037419001,1
GMW000000037420001,1
GMW000000037421001,1
GMW000000037422001,1
GMW000000037423001,1
GMW000000037424001,1
GMW000000037425001,1
GMW000000037426001,1
GMW000000037427001,1
GMW000000037428001,1
GMW000000037429001,1
GMW000000037430001,1
GMW000000037431001,1
GMW000000037432001,1
GMW000000037433001,1
GMW000000037434001,1
GMW000000037435001,1
GMW000000037436001,1
GMW000000037437001,1
GMW000000037438001,1
GMW000000037439001,1
GMW000000037440001,1
GMW000000037441001,1
GMW000000037442001,1
GMW000000037443001,1
GMW000000037444001,1
GMW000000037445001,1
GMW000000037446001,1
GMW000000037447001,1
GMW000000037448001,1
GMW000000037449001,1
GMW000000037450001,1
GMW000000037451001,1
GMW000000037452001,1
GMW000000037453001,1
GMW000000037454001,1
GMW000000037455001,1
GMW000000037456001,1
GMW000000037457001,1
GMW000000037458001,1
GMW000000037459001,1
GMW000000037460001,1
GMW000000037461001,1
GMW000000037462001,1
GMW000000037463001,1
GMW000000037464001,1
GMW000000037465001,1
GMW000000037466001,1
GMW000000037467001,1
GMW000000037468001,1
GMW000000037469001,1
GMW000000037470001,1
GMW000000037471001,1
GMW000000037472001,1
GMW000000037473001,1
GMW000000037474001,1
GMW000000037475001,1
GMW000000037476001,1
GMW000000037477001,1
GMW000000037478001,1
GMW000000037479001,1
GMW000000037480001,1
GMW000000037481001,1
GMW000000037482001,1
GMW000000037483001,1
GMW000000037484001,1
GMW000000037485001,1
GMW000000037486001,1
GMW000000037487001,1
GMW000000037488001,1
GMW000000037489001,1
GMW000000037490001,1
GMW000000037491001,1
GMW000000037845001,1
GMW000000037846001,1
GMW000000037847001,1
GMW000000037848001,1
GMW000000037849001,1
GMW000000037850001,1
GMW000000037851001,1
GMW000000037852001,1
GMW000000037853001,1
GMW000000037854001,1
GMW000000037855001,1
GMW000000037856001,1
GMW000000037857001,1
GMW000000037858001,1
GMW000000037859001,1
GMW000000037860001,1
GMW000000037861001,1
GMW000000037862001,1
GMW000000037863001,1
GMW000000037864001,1
GMW000000037865001,1
GMW000000037866001,1
GMW000000037867001,1
GMW000000037868001,1
GMW000000037869001,1
GMW000000037870001,1
GMW000000037871001,1
GMW000000037872001,1
GMW000000037873001,1
GMW000000037874001,1
GMW000000037875001,1
GMW000000037876001,1
GMW000000037877001,1
GMW000000037878001,1
GMW000000037879001,1
GMW000000037880001,1
GMW000000037881001,1
GMW000000037882001,1
GMW000000037883001,1
GMW000000037884001,1
GMW000000037885001,1
GMW000000037886001,1
GMW000000037887001,1
GMW000000037888001,1
GMW000000037889001,1
GMW000000037890001,1
GMW000000037891001,1
GMW000000037892001,1
GMW000000037893001,1
GMW000000037894001,1
GMW000000037895001,1
GMW000000037896001,1
GMW000000037897001,1
GMW000000037898001,1
GMW000000037899001,1
GMW000000037900001,1
GMW000000037901001,1
GMW000000037902001,1
GMW000000037903001,1
GMW000000037904001,1
GMW000000037905001,1
GMW000000037906001,1
GMW000000037907001,1
GMW000000037908001,1
GMW000000037909001,1
GMW000000037910001,1
GMW000000037911001,1
GMW000000037912001,1
GMW000000037913001,1
GMW000000037914001,1
GMW000000037915001,1
GMW000000037916001,1
GMW000000037917001,1
GMW000000037918001,1
GMW000000037919001,1
GMW000000037920001,1
GMW000000037921001,1
GMW000000037922001,1
GMW000000037923001,1
GMW000000037924001,1
GMW000000037925001,1
GMW000000037926001,1
GMW000000037927001,1
GMW000000037928001,1
GMW000000037929001,1
GMW000000037930001,1
GMW000000037931001,1
GMW000000037932001,1
GMW000000037933001,1
GMW000000037934001,1
GMW000000037935001,1
GMW000000037936001,1
GMW000000037937001,1
GMW000000037938001,1
GMW000000037939001,1
GMW000000037940001,1
GMW000000037941001,1
GMW000000037942001,1
GMW000000037943001,1
GMW000000037944001,1
GMW000000037945001,1
GMW000000037946001,1
GMW000000037947001,1
GMW000000037948001,1
GMW000000037949001,1
GMW000000037950001,1
GMW000000037951001,1
GMW000000037952001,1
GMW000000037953001,1
GMW000000037954001,1
GMW000000037955001,1
GMW000000037956001,1
GMW000000037957001,1
GMW000000037958001,1
GMW000000037959001,1
GMW000000037960001,1
GMW000000037961001,1
GMW000000037962001,1
GMW000000037963001,1
GMW000000037964001,1
GMW000000037965001,1
GMW000000037966001,1
GMW000000037967001,1
GMW000000037968001,1
GMW000000037969001,1
GMW000000037970001,1
GMW000000037971001,1
GMW000000037972001,1
GMW000000037973001,1
GMW000000037974001,1
GMW000000037975001,1
GMW000000037976001,1
GMW000000037977001,1
GMW000000037978001,1
GMW000000037979001,1
GMW000000037980001,1
GMW000000037981001,1
GMW000000037982001,1
GMW000000037983001,1
GMW000000037984001,1
GMW000000037985001,1
GMW000000037986001,1
GMW000000037987001,1
GMW000000037988001,1
GMW000000037989001,1
GMW000000037990001,1
GMW000000037991001,1
GMW000000037992001,1
GMW000000037993001,1
GMW000000037994001,1
GMW000000037995001,1
GMW000000037996001,1
GMW000000037997001,1
GMW000000037998001,1
GMW000000037999001,1
GMW000000038000001,1
GMW000000038001001,1
GMW000000038002001,1
GMW000000038003001,1
GMW000000038004001,1
GMW000000038005001,1
GMW000000038006001,1
GMW000000038007001,1
GMW000000038008001,1
GMW000000038009001,1
GMW000000038010001,1
GMW000000038011001,1
GMW000000038012001,1
GMW000000038013001,1
GMW000000038014001,1
GMW000000038015001,1
GMW000000038016001,1
GMW000000038017001,1
GMW000000038018001,1
GMW000000038019001,1
GMW000000038020001,1
GMW000000038021001,1
GMW000000038022001,1
GMW000000038023001,1
GMW000000038024001,1
GMW000000038025001,1
GMW000000038026001,1
GMW000000038027001,1
GMW000000038028001,1
GMW000000038029001,1
GMW000000038030001,1
GMW000000038031001,1
GMW000000038032001,1
GMW000000038033001,1
GMW000000038034001,1
GMW000000038035001,1
GMW000000038036001,1
GMW000000038037001,1
GMW000000038038001,1
GMW000000038039001,1
GMW000000038040001,1
GMW000000038041001,1
GMW000000038042001,1
GMW000000038082001,1
GMW000000038083001,1
GMW000000038084001,1
GMW000000038085001,1
GMW000000038086001,1
GMW000000038087001,1
GMW000000038088001,1
GMW000000038089001,1
GMW000000038090001,1
GMW000000038091001,1
GMW000000038092001,1
GMW000000038093001,1
GMW000000038094001,1
GMW000000038095001,1
GMW000000038096001,1
GMW000000038097001,1
GMW000000038098001,1
GMW000000038099001,1
GMW000000038100001,1
GMW000000038101001,1
GMW000000038102001,1
GMW000000038103001,1
GMW000000038104001,1
GMW000000038105001,1
GMW000000038106001,1
GMW000000038107001,1
GMW000000038108001,1
GMW000000038109001,1
GMW000000038110001,1
GMW000000038111001,1
GMW000000038112001,1
GMW000000038113001,1
GMW000000038114001,1
GMW000000038115001,1
GMW000000038116001,1
GMW000000038117001,1
GMW000000038118001,1
GMW000000038119001,1
GMW000000038120001,1
GMW000000038121001,1
GMW000000038122001,1
GMW000000038123001,1
GMW000000038124001,1
GMW000000038125001,1
GMW000000038126001,1
GMW000000038127001,1
GMW000000038128001,1
GMW000000038129001,1
GMW000000038130001,1
GMW000000038131001,1
GMW000000038132001,1
GMW000000038133001,1
GMW000000038134001,1
GMW000000038135001,1
GMW000000038136001,1
GMW000000038137001,1
GMW000000038138001,1
GMW000000038139001,1
GMW000000038140001,1
GMW000000038141001,1
GMW000000038142001,1
GMW000000038143001,1
GMW000000038144001,1
GMW000000038145001,1
GMW000000038146001,1
GMW000000038147001,1
GMW000000038148001,1
GMW000000038149001,1
GMW000000038150001,1
GMW000000038151001,1
GMW000000038152001,1
GMW000000038153001,1
GMW000000038154001,1
GMW000000038155001,1
GMW000000038156001,1
GMW000000038157001,1
GMW000000038158001,1
GMW000000038159001,1
GMW000000038160001,1
GMW000000038161001,1
GMW000000038162001,1
GMW000000038163001,1
GMW000000038164001,1
GMW000000038165001,1
GMW000000038166001,1
GMW000000038167001,1
GMW000000038168001,1
GMW000000038169001,1
GMW000000038170001,1
GMW000000038171001,1
GMW000000038172001,1
GMW000000038173001,1
GMW000000038174001,1
GMW000000038175001,1
GMW000000038176001,1
GMW000000038177001,1
GMW000000038178001,1
GMW000000038179001,1
GMW000000038180001,1
GMW000000038181001,1
GMW000000038182001,1
GMW000000038183001,1
GMW000000038184001,1
GMW000000038185001,1
GMW000000038186001,1
GMW000000038187001,1
GMW000000038188001,1
GMW000000038189001,1
GMW000000038190001,1
GMW000000038191001,1
GMW000000038192001,1
GMW000000038193001,1
GMW000000038194001,1
GMW000000038195001,1
GMW000000038196001,1
GMW000000038197001,1
GMW000000038198001,1
GMW000000038199001,1
GMW000000038200001,1
GMW000000038201001,1
GMW000000038202001,1
GMW000000038203001,1
GMW000000038204001,1
GMW000000038205001,1
GMW000000038206001,1
GMW000000038207001,1
GMW000000038208001,1
GMW000000038209001,1
GMW000000038210001,1
GMW000000038211001,1
GMW000000038212001,1
GMW000000038213001,1
GMW000000038214001,1
GMW000000038215001,1
GMW000000038216001,1
GMW000000038217001,1
GMW000000038218001,1
GMW000000038219001,1
GMW000000038220001,1
GMW000000038221001,1
GMW000000038222001,1
GMW000000038223001,1
GMW000000038224001,1
GMW000000038225001,1
GMW000000038226001,1
GMW000000038227001,1
GMW000000038228001,1
GMW000000038229001,1
GMW000000038230001,1
GMW000000038231001,1
GMW000000038232001,1
GMW000000038233001,1
GMW000000038234001,1
GMW000000038235001,1
GMW000000038236001,1
GMW000000038237001,1
GMW000000038238001,1
GMW000000038239001,1
GMW000000038240001,1
GMW000000038241001,1
GMW000000038242001,1
GMW000000038243001,1
GMW000000038244001,1
GMW000000038245001,1
GMW000000038246001,1
GMW000000038247001,1
GMW000000038248001,1
GMW000000038249001,1
GMW000000038250001,1
GMW000000038251001,1
GMW000000038252001,1
GMW000000038253001,1
GMW000000038254001,1
GMW000000038255001,1
GMW000000038256001,1
GMW000000038257001,1
GMW000000038258001,1
GMW000000038259001,1
GMW000000038260001,1
GMW000000038261001,1
GMW000000038262001,1
GMW000000038263001,1
GMW000000038264001,1
GMW000000038265001,1
GMW000000038266001,1
GMW000000038267001,1
GMW000000038268001,1
GMW000000038269001,1
GMW000000038270001,1
GMW000000038271001,1
GMW000000038272001,1
GMW000000038273001,1
GMW000000038504001,1
GMW000000038505001,1
GMW000000038506001,1
GMW000000038507001,1
GMW000000038508001,1
GMW000000038509001,1
GMW000000038510001,1
GMW000000038511001,1
GMW000000038512001,1
GMW000000038513001,1
GMW000000038514001,1
GMW000000038515001,1
GMW000000038516001,1
GMW000000038522001,1
GMW000000038523001,1
GMW000000040465001,1
GMW000000040466001,1
GMW000000040580001,1
GMW000000042609001,1
GMW000000046928001,1
GMW000000046929001,1
GMW000000046930001,1
GMW000000046931001,1
GMW000000046932001,1
GMW000000046933001,1
GMW000000046934001,1
GMW000000046935001,1
GMW000000046936001,1
GMW000000046937001,1
GMW000000046938001,1
GMW000000046939001,1
GMW000000048162001,1
GMW000000048163001,1
GMW000000048164001,1
GMW000000048165001,1
GMW000000048166001,1
GMW000000048169001,1
GMW000000048170001,1
GMW000000048171001,1
GMW000000048172001,1
GMW000000048173001,1
GMW000000048174001,1
GMW000000048175001,1
GMW000000048176001,1
GMW000000051438001,1
GMW000000051439001,1
GMW000000051440001,1
GMW000000051442001,1
GMW000000051443001,1
GMW000000051444001,1
GMW000000051445001,1
GMW000000051446001,1
GMW000000051447001,1
GMW000000051448001,1
GMW000000051449001,1
GMW000000051450001,1
GMW000000051451001,1
GMW000000051452001,1
GMW000000051453001,1
GMW000000059351001,1
GMW000000059352001,1
GMW000000059353001,1
GMW000000059354001,1
GMW000000059355001,1
GMW000000059356001,1
GMW000000059357001,1
GMW000000059358001,1
GMW000000059359001,1
GMW000000059360001,1
GMW000000059361001,1
GMW000000059362001,1
GMW000000059363001,1
GMW000000059364001,1
GMW000000059365001,1
GMW000000059744001,1
GMW000000059745001,1
GMW000000059746001,1
GMW000000059747001,1
GMW000000059748001,1
GMW000000059749001,1
GMW000000059750001,1
GMW000000060633001,1
GMW000000060634001,1
GMW000000060635001,1
GMW000000060636001,1
GMW000000060637001,1
GMW000000060638001,1
GMW000000060639001,1
GMW000000060640001,1
GMW000000062133001,1
GMW000000062134001,1
GMW000000062135001,1
GMW000000062136001,1
GMW000000062137001,1
GMW000000062138001,1
GMW000000062139001,1
GMW000000062140001,1
GMW000000062141001,1
GMW000000063257001,1
GMW000000064413001,1
GMW000000064414001,1
GMW000000073798001,1
GMW000000073799001,1
GMW000000073800001,1
GMW000000073801001,1
GMW000000073802001,1
GMW000000073803001,1
GMW000000073804001,1
GMW000000073805001,1
GMW000000073806001,1
GMW000000073807001,1
GMW000000073808001,1
GMW000000073809001,1
GMW000000073810001,1
GMW000000073811001,1
GMW000000073812001,1
GMW000000073813001,1
GMW000000073814001,1
GMW000000073815001,1
GMW000000073816001,1
GMW000000073817001,1
GMW000000073818001,1
GMW000000073853001,1
GMW000000073854001,1
GMW000000073855001,1
GMW000000073856001,1
GMW000000073857001,1
GMW000000073858001,1
GMW000000073859001,1
GMW000000073860001,1
GMW000000073861001,1
GMW000000073862001,1
GMW000000073863001,1
GMW000000073864001,1
GMW000000073865001,1
GMW000000073866001,1
GMW000000073867001,1
GMW000000073868001,1
GMW000000073869001,1
GMW000000073870001,1
GMW000000073871001,1
GMW000000075311001,1
GMW000000077064001,1
GMW000000077065001,1
GMW000000077066001,1
GMW000000077067001,1
GMW000000077068001,1
GMW000000077069001,1
GMW000000077631001,1
GMW000000077632001,1
GMW000000077633001,1
GMW000000077634001,1
GMW000000077635001,1
GMW000000077636001,1
GMW000000077637001,1
GMW000000077638001,1
GMW000000077639001,1
GMW000000077640001,1
GMW000000077641001,1
GMW000000077642001,1
GMW000000077643001,1
GMW000000077644001,1
GMW000000077645001,1
GMW000000077646001,1
GMW000000077647001,1
GMW000000077648001,1
GMW000000077649001,1
GMW000000077650001,1
GMW000000077651001,1
GMW000000077652001,1
GMW000000077653001,1
GMW000000077654001,1
GMW000000077655001,1
GMW000000077656001,1
GMW000000077657001,1
GMW000000077658001,1
GMW000000077659001,1
GMW000000077660001,1
GMW000000077661001,1
GMW000000077662001,1
GMW000000077663001,1
GMW000000077664001,1
GMW000000077665001,1
GMW000000080522001,1
GMW000000080523001,1
GMW000000080946001,1
GMW000000082636001,1
GMW000000082829001,1
GMW000000082830001,1
GMW000000082831001,1
GMW000000082874001,1
GMW000000082875001,1
GMW000000082876001,1
GMW000000082877001,1
GMW000000082878001,1
GMW000000082952001,1
GMW000000083381001,1
GMW000000083382001,1
GMW000000083383001,1
GMW000000083384001,1
GMW000000083385001,1
GMW000000083386001,1
GMW000000083388001,1
GMW000000084057001,1
GMW000000084058001,1
GMW000000084059001,1
GMW000000084060001,1
GMW000000084061001,1
GMW000000084062001,1
GMW000000084063001,1
GMW000000084064001,1
GMW000000084065001,1
GMW000000084066001,1
GMW000000084836001,1
GMW000000085951001,1
GMW000000086082001,1
GMW000000086083001,1
GMW000000088710001,1
GMW000000088711001,1
GMW000000088712001,1
GMW000000088713001,1
GMW000000088714001,1
GMW000000088715001,1
GMW000000088716001,1
GMW000000088717001,1
GMW000000088718001,1
GMW000000088719001,1
GMW000000088720001,1
GMW000000088721001,1
GMW000000088722001,1
GMW000000088723001,1
GMW000000088724001,1
GMW000000088725001,1
GMW000000088726001,1
GMW000000088727001,1
GMW000000088728001,1
GMW000000088729001,1
GMW000000088730001,1
GMW000000088731001,1
GMW000000088732001,1
GMW000000088733001,1
GMW000000088734001,1
GMW000000088735001,1
GMW000000088736001,1
GMW000000088737001,1
GMW000000088738001,1
GMW000000088739001,1
GMW000000088740001,1
GMW000000088741001,1
GMW000000088742001,1
GMW000000088743001,1
GMW000000088744001,1
GMW000000088745001,1
GMW000000088746001,1
GMW000000088747001,1
GMW000000088748001,1
GMW000000088749001,1
GMW000000088750001,1
GMW000000088751001,1
GMW000000088752001,1
GMW000000088753001,1
GMW000000088754001,1
GMW000000088755001,1
GMW000000088756001,1
GMW000000088757001,1
GMW000000088758001,1
GMW000000088759001,1
GMW000000088760001,1
GMW000000088761001,1
GMW000000088762001,1
GMW000000088763001,1
GMW000000088764001,1
GMW000000088765001,1
GMW000000088766001,1
GMW000000088767001,1
GMW000000088768001,1
GMW000000088769001,1
GMW000000088770001,1
GMW000000088771001,1
GMW000000088772001,1
GMW000000088773001,1
GMW000000088774001,1
GMW000000088775001,1
GMW000000088776001,1
GMW000000088777001,1
GMW000000088778001,1
GMW000000088779001,1
GMW000000088780001,1
GMW000000088781001,1
GMW000000088782001,1
GMW000000088783001,1
GMW000000088784001,1
GMW000000088785001,1
GMW000000090071001,1
GMW000000090072001,1
GMW000000090073001,1
GMW000000090074001,1
GMW000000090075001,1
GMW000000090076001,1
GMW000000090691001,1
GMW000000090692001,1
GMW000000090693001,1
GMW000000090694001,1
GMW000000090695001,1
GMW000000090696001,1
GMW000000090697001,1
GMW000000090698001,1
GMW000000091151170,170
GMW000000091215001,1
GMW000000091216001,1
GMW000000091217001,1
GMW000000091218001,1
GMW000000091219001,1
GMW000000091220001,1
GMW000000091221001,1
GMW000000091222001,1
GMW000000091223001,1
GMW000000091224001,1
GMW000000091225001,1
GMW000000091226001,1
GMW000000091238001,1
GMW000000091239001,1
GMW000000091240001,1
GMW000000091241001,1
GMW000000091242001,1
GMW000000091243001,1
GMW000000091244001,1
GMW000000091245001,1
GMW000000091311001,1
GMW000000092391001,1
GMW000000092392001,1
GMW000000092393001,1
GMW000000092400001,1
GMW000000092401001,1
GMW000000092411001,1
GMW000000092412001,1
GMW000000092413001,1
GMW000000092414001,1
GMW000000092415001,1
GMW000000092416001,1
GMW000000092417001,1
GMW000000092418001,1
GMW000000092419001,1
GMW000000092431001,1
GMW000000092451001,1
GMW000000092452001,1
GMW000000092453001,1
GMW000000092454001,1
GMW000000092455001,1
GMW000000092471001,1
GMW000000092472001,1
GMW000000092473001,1
GMW000000092474001,1
GMW000000092491001,1
GMW000000092511001,1
GMW000000092512001,1
GMW000000092513001,1
GMW000000092514001,1
GMW000000092515001,1
GMW000000093111001,1
GMW000000093131001,1
GMW000000093151001,1
GMW000000093171001,1
GMW000000093172001,1
GMW000000093271001,1
GMW000000093272001,1
GMW000000093311001,1
GMW000000093491001,1
GMW000000093511001,1
GMW000000093512001,1
GMW000000093513001,1
GMW000000093514001,1
GMW000000093515001,1
GMW000000093516001,1
GMW000000093517001,1
GMW000000093531001,1
GMW000000093532001,1
GMW000000093533001,1
GMW000000093651001,1
GMW000000093652001,1
GMW000000093653001,1
GMW000000093654001,1
GMW000000093655001,1
GMW000000093671001,1
GMW000000093672001,1
GMW000000093673001,1
GMW000000093674001,1
GMW000000093675001,1
GMW000000093676001,1
GMW000000093677001,1
GMW000000093678001,1
GMW000000093679001,1
GMW000000093680001,1
GMW000000093681001,1
GMW000000093682001,1
GMW000000093683001,1
GMW000000093684001,1
GMW000000093685001,1
GMW000000094011001,1
GMW000000094012001,1
GMW000000094171001,1
GMW000000097571001,1
GMW000000097572001,1
GMW000000097591001,1
GMW000000097592001,1
GMW000000097593001,1
GMW000000097594001,1
GMW000000097595001,1
GMW000000097596001,1
GMW000000097597001,1
GMW000000097611001,1
GMW000000098031001,1
GMW000000098032001,1
GMW000000098033001,1
GMW000000098034001,1
GMW000000098051001,1
GMW000000098071001,1
GMW000000098072001,1
GMW000000098073001,1
GMW000000098074001,1
GMW000000098091001,1
GMW000000098092001,1
GMW000000098093001,1
GMW000000098111001,1
GMW000000098151001,1
GMW000000098152001,1
GMW000000098153001,1
GMW000000098154001,1
GMW000000098155001,1
GMW000000098171001,1
GMW000000098172001,1
GMW000000098173001,1
GMW000000098191001,1
GMW000000098211001,1
GMW000000098251001,1
GMW000000098751001,1
GMW000000098771002,2
GMW000000098971001,1
GMW000000098972001,1
GMW000000100931001,1
GMW000000100932001,1
GMW000000100933001,1
GMW000000100934001,1
GMW000000101011001,1
GMW000000101012001,1
GMW000000101013001,1
GMW000000101014001,1
GMW000000101015001,1
GMW000000101051001,1
GMW000000101052001,1
GMW000000101053001,1
GMW000000101054001,1
GMW000000101055001,1
GMW000000101056001,1
GMW000000101057001,1
GMW000000101058001,1
GMW000000101059001,1
GMW000000101060001,1
GMW000000101061001,1
GMW000000101062001,1
GMW000000101063001,1
GMW000000101064001,1
GMW000000101065001,1
GMW000000101066001,1
GMW000000101067001,1
GMW000000101068001,1
GMW000000101069001,1
GMW000000101070001,1
GMW000000101071001,1
GMW000000101072001,1
GMW000000101091001,1
GMW000000101092001,1
GMW000000101093001,1
GMW000000101094001,1
GMW000000101095001,1
GMW000000101096001,1
GMW000000101097001,1
GMW000000101098001,1
GMW000000101099001,1
GMW000000101100001,1
GMW000000101101001,1
GMW000000101102001,1
GMW000000101103001,1
GMW000000101104001,1
GMW000000101105001,1
GMW000000101106001,1
GMW000000101107001,1
GMW000000101108001,1
GMW000000101109001,1
GMW000000101110001,1
GMW000000101111001,1
GMW000000101112001,1
GMW000000101113001,1
GMW000000101114001,1
GMW000000101115001,1
GMW000000101116001,1
GMW000000101117001,1
GMW000000101118001,1
GMW000000101119001,1
GMW000000101120001,1
GMW000000101121001,1
GMW000000101122001,1
GMW000000101123001,1
GMW000000101124001,1
GMW000000101125001,1
GMW000000101126001,1
GMW000000101127001,1
GMW000000101128001,1
GMW000000101129001,1
GMW000000101130001,1
GMW000000101131001,1
GMW000000101132001,1
GMW000000101133001,1
GMW000000101134001,1
GMW000000101135001,1
GMW000000101136001,1
GMW000000101137001,1
GMW000000101138001,1
GMW000000101139001,1
GMW000000101140001,1
GMW000000101141001,1
GMW000000101142001,1
GMW000000101143001,1
GMW000000101144001,1
GMW000000101145001,1
GMW000000101146001,1
GMW000000101147001,1
GMW000000101148001,1
GMW000000101149001,1
GMW000000101150001,1
GMW000000101151001,1
GMW000000101152001,1
GMW000000101153001,1
GMW000000101154001,1
GMW000000101155001,1
GMW000000101156001,1
GMW000000101157001,1
GMW000000101158001,1
GMW000000101159001,1
GMW000000101160001,1
GMW000000101161001,1
GMW000000101162001,1
GMW000000101163001,1
GMW000000101164001,1
GMW000000101165001,1
GMW000000101166001,1
GMW000000101167001,1
GMW000000101168001,1
GMW000000101169001,1
GMW000000101170001,1
GMW000000101171001,1
GMW000000101172001,1
GMW000000101173001,1
GMW000000101174001,1
GMW000000101175001,1
GMW000000101176001,1
GMW000000101177001,1
GMW000000101178001,1
GMW000000101179001,1
GMW000000101180001,1
GMW000000101181001,1
GMW000000101182001,1
GMW000000101183001,1
GMW000000101184001,1
GMW000000101185001,1
GMW000000101186001,1
GMW000000101187001,1
GMW000000101188001,1
GMW000000101189001,1
GMW000000101190001,1
GMW000000101191001,1
GMW000000101192001,1
GMW000000101193001,1
GMW000000101194001,1
GMW000000101195001,1
GMW000000101196001,1
GMW000000101197001,1
GMW000000101198001,1
GMW000000101199001,1
GMW000000101200001,1
GMW000000101201001,1
GMW000000101202001,1
GMW000000101203001,1
GMW000000101204001,1
GMW000000101205001,1
GMW000000101206001,1
GMW000000101207001,1
GMW000000101208001,1
GMW000000101209001,1
GMW000000101210001,1
GMW000000101211001,1
GMW000000101212001,1
GMW000000101213001,1
GMW000000101214001,1
GMW000000101215001,1
GMW000000101216001,1
GMW000000101217001,1
GMW000000101218001,1
GMW000000101219001,1
GMW000000101220001,1
GMW000000101221001,1
GMW000000101222001,1
GMW000000101223001,1
GMW000000101224001,1
GMW000000101225001,1
GMW000000101226001,1
GMW000000101227001,1
GMW000000101228001,1
GMW000000101229001,1
GMW000000101230001,1
GMW000000101231001,1
GMW000000101232001,1
GMW000000101233001,1
GMW000000101234001,1
GMW000000101235001,1
GMW000000101236001,1
GMW000000101237001,1
GMW000000101238001,1
GMW000000101239001,1
GMW000000101240001,1
GMW000000101241001,1
GMW000000101242001,1
GMW000000101243001,1
GMW000000101244001,1
GMW000000101245001,1
GMW000000101246001,1
GMW000000101247001,1
GMW000000101248001,1
GMW000000101249001,1
GMW000000101250001,1
GMW000000101251001,1
GMW000000101252001,1
GMW000000101253001,1
GMW000000101254001,1
GMW000000101255001,1
GMW000000101256001,1
GMW000000101257001,1
GMW000000101258001,1
GMW000000101259001,1
GMW000000101260001,1
GMW000000101261001,1
GMW000000101262001,1
GMW000000101263001,1
GMW000000101264001,1
GMW000000101265001,1
GMW000000101266001,1
GMW000000101267001,1
GMW000000101268001,1
GMW000000101269001,1
GMW000000101270001,1
GMW000000101271001,1
GMW000000101272001,1
GMW000000101273001,1
GMW000000101274001,1
GMW000000101275001,1
GMW000000101276001,1
GMW000000101277001,1
GMW000000101278001,1
GMW000000101279001,1
GMW000000101280001,1
GMW000000101281001,1
GMW000000101282001,1
GMW000000101283001,1
GMW000000101284001,1
GMW000000101285001,1
GMW000000101286001,1
GMW000000101287001,1
GMW000000101288001,1
GMW000000101289001,1
GMW000000101290001,1
GMW000000101291001,1
GMW000000101292001,1
GMW000000101293001,1
GMW000000101294001,1
GMW000000101295001,1
GMW000000101296001,1
GMW000000101297001,1
GMW000000101298001,1
GMW000000101299001,1
GMW000000101300001,1
GMW000000101301001,1
GMW000000101302001,1
GMW000000101303001,1
GMW000000101304001,1
GMW000000101305001,1
GMW000000101306001,1
GMW000000101307001,1
GMW000000101308001,1
GMW000000101309001,1
GMW000000101310001,1
GMW000000101311001,1
GMW000000101312001,1
GMW000000101313001,1
GMW000000101314001,1
GMW000000101315001,1
GMW000000101316001,1
GMW000000101317001,1
GMW000000101318001,1
GMW000000101319001,1
GMW000000101320001,1
GMW000000101321001,1
GMW000000101322001,1
GMW000000101323001,1
GMW000000101324001,1
GMW000000101325001,1
GMW000000101326001,1
GMW000000101327001,1
GMW000000101328001,1
GMW000000101329001,1
GMW000000101330001,1
GMW000000101331001,1
GMW000000101332001,1
GMW000000101333001,1
GMW000000101334001,1
GMW000000101335001,1
GMW000000101336001,1
GMW000000101337001,1
GMW000000101338001,1
GMW000000101339001,1
GMW000000101340001,1
GMW000000101341001,1
GMW000000101342001,1
GMW000000101343001,1
GMW000000101344001,1
GMW000000101345001,1
GMW000000101346001,1
GMW000000101347001,1
GMW000000101348001,1
GMW000000101349001,1
GMW000000101350001,1
GMW000000101351001,1
GMW000000101352001,1
GMW000000101353001,1
GMW000000101354001,1
GMW000000101355001,1
GMW000000101356001,1
GMW000000101357001,1
GMW000000101358001,1
GMW000000101359001,1
GMW000000101360001,1
GMW000000101361001,1
GMW000000101362001,1
GMW000000101363001,1
GMW000000101364001,1
GMW000000101365001,1
GMW000000101366001,1
GMW000000101367001,1
GMW000000101368001,1
GMW000000101369001,1
GMW000000101370001,1
GMW000000101371001,1
GMW000000101372001,1
GMW000000101373001,1
GMW000000101374001,1
GMW000000101375001,1
GMW000000101376001,1
GMW000000101377001,1
GMW000000101378001,1
GMW000000101379001,1
GMW000000101380001,1
GMW000000101381001,1
GMW000000101382001,1
GMW000000101383001,1
GMW000000101384001,1
GMW000000101385001,1
GMW000000101386001,1
GMW000000101387001,1
GMW000000101388001,1
GMW000000101389001,1
GMW000000101390001,1
GMW000000101391001,1
GMW000000101392001,1
GMW000000101393001,1
GMW000000101394001,1
GMW000000101395001,1
GMW000000101396001,1
GMW000000101397001,1
GMW000000101398001,1
GMW000000101399001,1
GMW000000101400001,1
GMW000000101401001,1
GMW000000101402001,1
GMW000000101403001,1
GMW000000101404001,1
GMW000000101405001,1
GMW000000101406001,1
GMW000000101407001,1
GMW000000101408001,1
GMW000000101409001,1
GMW000000101410001,1
GMW000000101411001,1
GMW000000101412001,1
GMW000000101413001,1
GMW000000101414001,1
GMW000000101415001,1
GMW000000101416001,1
GMW000000101417001,1
GMW000000101418001,1
GMW000000101419001,1
GMW000000101420001,1
GMW000000101421001,1
GMW000000101422001,1
GMW000000101423001,1
GMW000000101424001,1
GMW000000101425001,1
GMW000000101426001,1
GMW000000101427001,1
GMW000000101428001,1
GMW000000101429001,1
GMW000000101430001,1
GMW000000101431001,1
GMW000000101432001,1
GMW000000101433001,1
GMW000000101434001,1
GMW000000101435001,1
GMW000000101436001,1
GMW000000101437001,1
GMW000000101438001,1
GMW000000101439001,1
GMW000000101440001,1
GMW000000101441001,1
GMW000000101442001,1
GMW000000101443001,1
GMW000000101444001,1
GMW000000101445001,1
GMW000000101446001,1
GMW000000101447001,1
GMW000000101448001,1
GMW000000101449001,1
GMW000000101450001,1
GMW000000101451001,1
GMW000000101452001,1
GMW000000101453001,1
GMW000000101454001,1
GMW000000101455001,1
GMW000000101456001,1
GMW000000101457001,1
GMW000000101458001,1
GMW000000101459001,1
GMW000000101460001,1
GMW000000101461001,1
GMW000000101462001,1
GMW000000101463001,1
GMW000000101464001,1
GMW000000101465001,1
GMW000000101466001,1
GMW000000101467001,1
GMW000000101468001,1
GMW000000101469001,1
GMW000000101470001,1
GMW000000101471001,1
GMW000000101472001,1
GMW000000101473001,1
GMW000000101474001,1
GMW000000101475001,1
GMW000000101476001,1
GMW000000101477001,1
GMW000000101478001,1
GMW000000101479001,1
GMW000000101480001,1
GMW000000101481001,1
GMW000000101482001,1
GMW000000101483001,1
GMW000000101484001,1
GMW000000101485001,1
GMW000000101486001,1
GMW000000101487001,1
GMW000000101488001,1
GMW000000101489001,1
GMW000000101490001,1
GMW000000101491001,1
GMW000000101492001,1
GMW000000101493001,1
GMW000000101494001,1
GMW000000101495001,1
GMW000000101496001,1
GMW000000101497001,1
GMW000000101498001,1
GMW000000101499001,1
GMW000000101500001,1
GMW000000101501001,1
GMW000000101502001,1
GMW000000101503001,1
GMW000000101504001,1
GMW000000101505001,1
GMW000000101506001,1
GMW000000101507001,1
GMW000000101508001,1
GMW000000101509001,1
GMW000000101510001,1
GMW000000101511001,1
GMW000000101512001,1
GMW000000101513001,1
GMW000000101514001,1
GMW000000101515001,1
GMW000000101516001,1
GMW000000101517001,1
GMW000000101518001,1
GMW000000101519001,1
GMW000000101520001,1
GMW000000101521001,1
GMW000000101522001,1
GMW000000101523001,1
GMW000000101524001,1
GMW000000101525001,1
GMW000000101526001,1
GMW000000101527001,1
GMW000000101528001,1
GMW000000101529001,1
GMW000000101530001,1
GMW000000101531001,1
GMW000000101532001,1
GMW000000101533001,1
GMW000000101534001,1
GMW000000101535001,1
GMW000000101536001,1
GMW000000101537001,1
GMW000000101538001,1
GMW000000101539001,1
GMW000000101540001,1
GMW000000101541001,1
GMW000000101542001,1
GMW000000101543001,1
GMW000000101544001,1
GMW000000101545001,1
GMW000000101546001,1
GMW000000101547001,1
GMW000000101548001,1
GMW000000101549001,1
GMW000000101550001,1
GMW000000101551001,1
GMW000000101552001,1
GMW000000101553001,1
GMW000000101554001,1
GMW000000101555001,1
GMW000000101556001,1
GMW000000101557001,1
GMW000000101558001,1
GMW000000101559001,1
GMW000000101560001,1
GMW000000101561001,1
GMW000000101562001,1
GMW000000101563001,1
GMW000000101564001,1
GMW000000101565001,1
GMW000000101566001,1
GMW000000101567001,1
GMW000000101568001,1
GMW000000101569001,1
GMW000000101570001,1
GMW000000101571001,1
GMW000000101572001,1
GMW000000101573001,1
GMW000000101574001,1
GMW000000101575001,1
GMW000000101576001,1
GMW000000101577001,1
GMW000000101578001,1
GMW000000101579001,1
GMW000000101580001,1
GMW000000101581001,1
GMW000000101582001,1
GMW000000101583001,1
GMW000000101584001,1
GMW000000101585001,1
GMW000000101586001,1
GMW000000101587001,1
GMW000000101588001,1
GMW000000101589001,1
GMW000000101590001,1
GMW000000101591001,1
GMW000000101592001,1
GMW000000101593001,1
GMW000000101594001,1
GMW000000101595001,1
GMW000000101596001,1
GMW000000101597001,1
GMW000000101598001,1
GMW000000101599001,1
GMW000000101600001,1
GMW000000101601001,1
GMW000000101602001,1
GMW000000101603001,1
GMW000000101604001,1
GMW000000101605001,1
GMW000000101606001,1
GMW000000101607001,1
GMW000000101608001,1
GMW000000101609001,1
GMW000000101610001,1
GMW000000101611001,1
GMW000000101612001,1
GMW000000101613001,1
GMW000000101614001,1
GMW000000101615001,1
GMW000000101616001,1
GMW000000101617001,1
GMW000000101618001,1
GMW000000101619001,1
GMW000000101620001,1
GMW000000101621001,1
GMW000000101622001,1
GMW000000101623001,1
GMW000000101624001,1
GMW000000101625001,1
GMW000000101626001,1
GMW000000101627001,1
GMW000000101628001,1
GMW000000101629001,1
GMW000000101630001,1
GMW000000101631001,1
GMW000000101632001,1
GMW000000101633001,1
GMW000000101634001,1
GMW000000101635001,1
GMW000000101636001,1
GMW000000101637001,1
GMW000000101638001,1
GMW000000101639001,1
GMW000000101640001,1
GMW000000101641001,1
GMW000000101642001,1
GMW000000101643001,1
GMW000000101644001,1
GMW000000101645001,1
GMW000000101646001,1
GMW000000101647001,1
GMW000000101648001,1
GMW000000101649001,1
GMW000000101650001,1
GMW000000101651001,1
GMW000000101652001,1
GMW000000101653001,1
GMW000000101654001,1
GMW000000101655001,1
GMW000000101656001,1
GMW000000101657001,1
GMW000000101658001,1
GMW000000101659001,1
GMW000000101660001,1
GMW000000101661001,1
GMW000000101662001,1
GMW000000101663001,1
GMW000000101664001,1
GMW000000101665001,1
GMW000000101666001,1
GMW000000101667001,1
GMW000000101668001,1
GMW000000101669001,1
GMW000000101670001,1
GMW000000101671001,1
GMW000000101672001,1
GMW000000101673001,1
GMW000000101674001,1
GMW000000101675001,1
GMW000000101676001,1
GMW000000101677001,1
GMW000000101678001,1
GMW000000101679001,1
GMW000000101680001,1
GMW000000101681001,1
GMW000000101682001,1
GMW000000101683001,1
GMW000000101684001,1
GMW000000101685001,1
GMW000000101686001,1
GMW000000101687001,1
GMW000000101688001,1
GMW000000101689001,1
GMW000000101690001,1
GMW000000101691001,1
GMW000000101692001,1
GMW000000101693001,1
GMW000000101694001,1
GMW000000101695001,1
GMW000000101696001,1
GMW000000101697001,1
GMW000000101698001,1
GMW000000101699001,1
GMW000000101700001,1
GMW000000101701001,1
GMW000000101702001,1
GMW000000101703001,1
GMW000000101704001,1
GMW000000101705001,1
GMW000000101706001,1
GMW000000101707001,1
GMW000000101708001,1
GMW000000101709001,1
GMW000000101710001,1
GMW000000101711001,1
GMW000000101712001,1
GMW000000101713001,1
GMW000000101714001,1
GMW000000101715001,1
GMW000000101716001,1
GMW000000101717001,1
GMW000000101718001,1
GMW000000101719001,1
GMW000000101720001,1
GMW000000101721001,1
GMW000000101722001,1
GMW000000101723001,1
GMW000000101724001,1
GMW000000101725001,1
GMW000000101726001,1
GMW000000101727001,1
GMW000000101728001,1
GMW000000101729001,1
GMW000000101730001,1
GMW000000101731001,1
GMW000000101732001,1
GMW000000101733001,1
GMW000000101734001,1
GMW000000101735001,1
GMW000000101736001,1
GMW000000101737001,1
GMW000000101738001,1
GMW000000101739001,1
GMW000000101740001,1
GMW000000101741001,1
GMW000000101742001,1
GMW000000101743001,1
GMW000000101744001,1
GMW000000101745001,1
GMW000000101746001,1
GMW000000101747001,1
GMW000000101748001,1
GMW000000101749001,1
GMW000000101750001,1
GMW000000101751001,1
GMW000000101752001,1
GMW000000101753001,1
GMW000000101754001,1
GMW000000101755001,1
GMW000000101756001,1
GMW000000101757001,1
GMW000000101758001,1
GMW000000101759001,1
GMW000000101760001,1
GMW000000101761001,1
GMW000000101762001,1
GMW000000101763001,1
GMW000000101764001,1
GMW000000101765001,1
GMW000000101766001,1
GMW000000101767001,1
GMW000000101768001,1
GMW000000101769001,1
GMW000000101770001,1
GMW000000101771001,1
GMW000000101772001,1
GMW000000101773001,1
GMW000000101774001,1
GMW000000101775001,1
GMW000000101776001,1
GMW000000101777001,1
GMW000000101778001,1
GMW000000101779001,1
GMW000000101780001,1
GMW000000101781001,1
GMW000000101782001,1
GMW000000101783001,1
GMW000000101784001,1
GMW000000101785001,1
GMW000000101786001,1
GMW000000101787001,1
GMW000000101788001,1
GMW000000101789001,1
GMW000000101790001,1
GMW000000101791001,1
GMW000000101792001,1
GMW000000101793001,1
GMW000000101794001,1
GMW000000101795001,1
GMW000000101796001,1
GMW000000101797001,1
GMW000000101798001,1
GMW000000101799001,1
GMW000000101800001,1
GMW000000101801001,1
GMW000000101802001,1
GMW000000101803001,1
GMW000000101804001,1
GMW000000101805001,1
GMW000000101806001,1
GMW000000101807001,1
GMW000000101808001,1
GMW000000101809001,1
GMW000000101810001,1
GMW000000101811001,1
GMW000000101812001,1
GMW000000101813001,1
GMW000000101814001,1
GMW000000101815001,1
GMW000000101816001,1
GMW000000101817001,1
GMW000000101818001,1
GMW000000101819001,1
GMW000000101820001,1
GMW000000101821001,1
GMW000000101822001,1
GMW000000101823001,1
GMW000000101824001,1
GMW000000101825001,1
GMW000000101826001,1
GMW000000101827001,1
GMW000000101828001,1
GMW000000101829001,1
GMW000000101830001,1
GMW000000101831001,1
GMW000000101832001,1
GMW000000101833001,1
GMW000000101834001,1
GMW000000101835001,1
GMW000000101836001,1
GMW000000101837001,1
GMW000000101838001,1
GMW000000101839001,1
GMW000000101840001,1
GMW000000101841001,1
GMW000000101842001,1
GMW000000101843001,1
GMW000000101844001,1
GMW000000101845001,1
GMW000000101846001,1
GMW000000101847001,1
GMW000000101848001,1
GMW000000101849001,1
GMW000000101850001,1
GMW000000101851001,1
GMW000000101852001,1
GMW000000101853001,1
GMW000000101854001,1
GMW000000101855001,1
GMW000000101856001,1
GMW000000101857001,1
GMW000000101858001,1
GMW000000101859001,1
GMW000000101860001,1
GMW000000101861001,1
GMW000000101862001,1
GMW000000101863001,1
GMW000000101864001,1
GMW000000101865001,1
GMW000000101866001,1
GMW000000101867001,1
GMW000000101868001,1
GMW000000101869001,1
GMW000000101870001,1
GMW000000101871001,1
GMW000000101872001,1
GMW000000101873001,1
GMW000000101874001,1
GMW000000101875001,1
GMW000000101876001,1
GMW000000101877001,1
GMW000000101878001,1
GMW000000101879001,1
GMW000000101880001,1
GMW000000101881001,1
GMW000000101882001,1
GMW000000101883001,1
GMW000000101884001,1
GMW000000101885001,1
GMW000000101886001,1
GMW000000101887001,1
GMW000000101888001,1
GMW000000101889001,1
GMW000000101890001,1
GMW000000101891001,1
GMW000000101892001,1
GMW000000101893001,1
GMW000000101894001,1
GMW000000101895001,1
GMW000000101896001,1
GMW000000101897001,1
GMW000000101898001,1
GMW000000101899001,1
GMW000000101900001,1
GMW000000101901001,1
GMW000000101902001,1
GMW000000101903001,1
GMW000000101904001,1
GMW000000101905001,1
GMW000000101906001,1
GMW000000101907001,1
GMW000000101908001,1
GMW000000101909001,1
GMW000000101910001,1
GMW000000101911001,1
GMW000000101912001,1
GMW000000101913001,1
GMW000000101914001,1
GMW000000101915001,1
GMW000000101916001,1
GMW000000101917001,1
GMW000000101918001,1
GMW000000101919001,1
GMW000000101920001,1
GMW000000101921001,1
GMW000000101922001,1
GMW000000101923001,1
GMW000000101924001,1
GMW000000101925001,1
GMW000000101926001,1
GMW000000101927001,1
GMW000000101928001,1
GMW000000101929001,1
GMW000000101930001,1
GMW000000101931001,1
GMW000000101932001,1
GMW000000101933001,1
GMW000000101934001,1
GMW000000101935001,1
GMW000000101936001,1
GMW000000101937001,1
GMW000000101938001,1
GMW000000101939001,1
GMW000000101940001,1
GMW000000101941001,1
GMW000000101942001,1
GMW000000101943001,1
GMW000000101944001,1
GMW000000101945001,1
GMW000000101946001,1
GMW000000101947001,1
GMW000000101948001,1
GMW000000101949001,1
GMW000000101950001,1
GMW000000101951001,1
GMW000000101952001,1
GMW000000101953001,1
GMW000000101954001,1
GMW000000101955001,1
GMW000000101956001,1
GMW000000101957001,1
GMW000000101958001,1
GMW000000101959001,1
GMW000000101960001,1
GMW000000101961001,1
GMW000000101962001,1
GMW000000101963001,1
GMW000000101964001,1
GMW000000101965001,1
GMW000000101966001,1
GMW000000101967001,1
GMW000000101968001,1
GMW000000101969001,1
GMW000000101970001,1
GMW000000101971001,1
GMW000000101972001,1
GMW000000101973001,1
GMW000000101974001,1
GMW000000101975001,1
GMW000000101976001,1
GMW000000101977001,1
GMW000000101978001,1
GMW000000101979001,1
GMW000000101980001,1
GMW000000101981001,1
GMW000000101982001,1
GMW000000101983001,1
GMW000000101984001,1
GMW000000101985001,1
GMW000000101986001,1
GMW000000101987001,1
GMW000000101988001,1
GMW000000101989001,1
GMW000000101990001,1
GMW000000101991001,1
GMW000000101992001,1
GMW000000101993001,1
GMW000000101994001,1
GMW000000101995001,1
GMW000000101996001,1
GMW000000101997001,1
GMW000000101998001,1
GMW000000101999001,1
GMW000000102000001,1
GMW000000102001001,1
GMW000000102002001,1
GMW000000102003001,1
GMW000000102004001,1
GMW000000102005001,1
GMW000000102006001,1
GMW000000102007001,1
GMW000000102008001,1
GMW000000102009001,1
GMW000000102010001,1
GMW000000102011001,1
GMW000000102012001,1
GMW000000102013001,1
GMW000000102014001,1
GMW000000102015001,1
GMW000000102016001,1
GMW000000102017001,1
GMW000000102018001,1
GMW000000102019001,1
GMW000000102020001,1
GMW000000102021001,1
GMW000000102022001,1
GMW000000102023001,1
GMW000000102024001,1
GMW000000102025001,1
GMW000000102026001,1
GMW000000102027001,1
GMW000000102028001,1
GMW000000102029001,1
GMW000000102030001,1
GMW000000102031001,1
GMW000000102032001,1
GMW000000102033001,1
GMW000000102034001,1
GMW000000102035001,1
GMW000000102036001,1
GMW000000102037001,1
GMW000000102038001,1
GMW000000102039001,1
GMW000000102040001,1
GMW000000102041001,1
GMW000000102042001,1
GMW000000102043001,1
GMW000000102044001,1
GMW000000102045001,1
GMW000000102046001,1
GMW000000102047001,1
GMW000000102048001,1
GMW000000102049001,1
GMW000000102050001,1
GMW000000102051001,1
GMW000000102052001,1
GMW000000102053001,1
GMW000000102054001,1
GMW000000102055001,1
GMW000000102056001,1
GMW000000102057001,1
GMW000000102058001,1
GMW000000102059001,1
GMW000000102060001,1
GMW000000102061001,1
GMW000000102062001,1
GMW000000102063001,1
GMW000000102064001,1
GMW000000102065001,1
GMW000000102066001,1
GMW000000102067001,1
GMW000000102068001,1
GMW000000102069001,1
GMW000000102070001,1
GMW000000102071001,1
GMW000000102072001,1
GMW000000102073001,1
GMW000000102074001,1
GMW000000102075001,1
GMW000000102076001,1
GMW000000102077001,1
GMW000000102078001,1
GMW000000102079001,1
GMW000000102080001,1
GMW000000102081001,1
GMW000000102082001,1
GMW000000102083001,1
GMW000000102084001,1
GMW000000102085001,1
GMW000000102086001,1
GMW000000102087001,1
GMW000000102088001,1
GMW000000102089001,1
GMW000000102090001,1
GMW000000102091001,1
GMW000000102092001,1
GMW000000102093001,1
GMW000000102094001,1
GMW000000102095001,1
GMW000000102096001,1
GMW000000102097001,1
GMW000000102098001,1
GMW000000102099001,1
GMW000000102100001,1
GMW000000102101001,1
GMW000000102102001,1
GMW000000102103001,1
GMW000000102104001,1
GMW000000102105001,1
GMW000000102106001,1
GMW000000102107001,1
GMW000000102108001,1
GMW000000102109001,1
GMW000000102110001,1
GMW000000102111001,1
GMW000000102112001,1
GMW000000102113001,1
GMW000000102114001,1
GMW000000102115001,1
GMW000000102116001,1
GMW000000102117001,1
GMW000000102118001,1
GMW000000102119001,1
GMW000000102120001,1
GMW000000102121001,1
GMW000000102122001,1
GMW000000102123001,1
GMW000000102124001,1
GMW000000102125001,1
GMW000000102126001,1
GMW000000102127001,1
GMW000000102128001,1
GMW000000102129001,1
GMW000000102130001,1
GMW000000102131001,1
GMW000000102132001,1
GMW000000102133001,1
GMW000000102134001,1
GMW000000102135001,1
GMW000000102136001,1
GMW000000102137001,1
GMW000000102138001,1
GMW000000102139001,1
GMW000000102140001,1
GMW000000102141001,1
GMW000000102142001,1
GMW000000102143001,1
GMW000000102144001,1
GMW000000102145001,1
GMW000000102146001,1
GMW000000102147001,1
GMW000000102148001,1
GMW000000102149001,1
GMW000000102150001,1
GMW000000102151001,1
GMW000000102152001,1
GMW000000102153001,1
GMW000000102154001,1
GMW000000102155001,1
GMW000000102156001,1
GMW000000102157001,1
GMW000000102158001,1
GMW000000102159001,1
GMW000000102160001,1
GMW000000102161001,1
GMW000000102162001,1
GMW000000102163001,1
GMW000000102164001,1
GMW000000102165001,1
GMW000000102166001,1
GMW000000102167001,1
GMW000000102168001,1
GMW000000102169001,1
GMW000000102170001,1
GMW000000102171001,1
GMW000000102172001,1
GMW000000102173001,1
GMW000000102174001,1
GMW000000102175001,1
GMW000000102176001,1
GMW000000102177001,1
GMW000000102178001,1
GMW000000102179001,1
GMW000000102180001,1
GMW000000102181001,1
GMW000000102182001,1
GMW000000102183001,1
GMW000000102184001,1
GMW000000102185001,1
GMW000000102186001,1
GMW000000102187001,1
GMW000000102188001,1
GMW000000102189001,1
GMW000000102190001,1
GMW000000102191001,1
GMW000000102192001,1
GMW000000102193001,1
GMW000000102194001,1
GMW000000102195001,1
GMW000000102196001,1
GMW000000102197001,1
GMW000000102198001,1
GMW000000102199001,1
GMW000000102200001,1
GMW000000102201001,1
GMW000000102202001,1
GMW000000102203001,1
GMW000000102204001,1
GMW000000102205001,1
GMW000000102206001,1
GMW000000102207001,1
GMW000000102208001,1
GMW000000102209001,1
GMW000000102210001,1
GMW000000102211001,1
GMW000000102212001,1
GMW000000102213001,1
GMW000000102214001,1
GMW000000102215001,1
GMW000000102216001,1
GMW000000102217001,1
GMW000000102218001,1
GMW000000102219001,1
GMW000000102220001,1
GMW000000102221001,1
GMW000000102222001,1
GMW000000102223001,1
GMW000000102224001,1
GMW000000102225001,1
GMW000000102226001,1
GMW000000102227001,1
GMW000000102228001,1
GMW000000102229001,1
GMW000000102230001,1
GMW000000102231001,1
GMW000000102232001,1
GMW000000102233001,1
GMW000000102234001,1
GMW000000102235001,1
GMW000000102236001,1
GMW000000102237001,1
GMW000000102238001,1
GMW000000102239001,1
GMW000000102240001,1
GMW000000102241001,1
GMW000000102242001,1
GMW000000102243001,1
GMW000000102244001,1
GMW000000102245001,1
GMW000000102246001,1
GMW000000102247001,1
GMW000000102248001,1
GMW000000102249001,1
GMW000000102250001,1
GMW000000102251001,1
GMW000000102252001,1
GMW000000102253001,1
GMW000000102254001,1
GMW000000102255001,1
GMW000000102256001,1
GMW000000102257001,1
GMW000000102258001,1
GMW000000102259001,1
GMW000000102260001,1
GMW000000102261001,1
GMW000000102262001,1
GMW000000102263001,1
GMW000000102264001,1
GMW000000102265001,1
GMW000000102266001,1
GMW000000102267001,1
GMW000000102268001,1
GMW000000102269001,1
GMW000000102270001,1
GMW000000102271001,1
GMW000000102272001,1
GMW000000102273001,1
GMW000000102274001,1
GMW000000102275001,1
GMW000000102276001,1
GMW000000102277001,1
GMW000000102278001,1
GMW000000102279001,1
GMW000000102280001,1
GMW000000102281001,1
GMW000000102282001,1
GMW000000102283001,1
GMW000000102284001,1
GMW000000102285001,1
GMW000000102286001,1
GMW000000102287001,1
GMW000000102288001,1
GMW000000102289001,1
GMW000000102290001,1
GMW000000102291001,1
GMW000000102292001,1
GMW000000102293001,1
GMW000000102294001,1
GMW000000102295001,1
GMW000000102296001,1
GMW000000102297001,1
GMW000000102298001,1
GMW000000102299001,1
GMW000000102300001,1
GMW000000102301001,1
GMW000000102302001,1
GMW000000102311001,1
GMW000000102312001,1
GMW000000102313001,1
GMW000000102314001,1
GMW000000102315001,1
GMW000000102316001,1
GMW000000102317001,1
GMW000000102318001,1
GMW000000102319001,1
GMW000000102320001,1
GMW000000102321001,1
GMW000000102322001,1
GMW000000102323001,1
GMW000000102324001,1
GMW000000102325001,1
GMW000000102326001,1
GMW000000102327001,1
GMW000000102328001,1
GMW000000102329001,1
GMW000000102330001,1
GMW000000102331001,1
GMW000000102332001,1
GMW000000102333001,1
GMW000000102334001,1
GMW000000102335001,1
GMW000000102336001,1
GMW000000102337001,1
GMW000000102338001,1
GMW000000102339001,1
GMW000000102340001,1
GMW000000102341001,1
GMW000000102342001,1
GMW000000102343001,1
GMW000000102344001,1
GMW000000102345001,1
GMW000000102346001,1
GMW000000102347001,1
GMW000000102348001,1
GMW000000102349001,1
GMW000000102350001,1
GMW000000102351001,1
GMW000000102352001,1
GMW000000102353001,1
GMW000000102354001,1
GMW000000102355001,1
GMW000000102356001,1
GMW000000102357001,1
GMW000000102358001,1
GMW000000102359001,1
GMW000000102360001,1
GMW000000102361001,1
GMW000000102362001,1
GMW000000102363001,1
GMW000000102364001,1
GMW000000102365001,1
GMW000000102366001,1
GMW000000102367001,1
GMW000000102368001,1
GMW000000102369001,1
GMW000000102370001,1
GMW000000102371001,1
GMW000000102372001,1
GMW000000102373001,1
GMW000000102374001,1
GMW000000102375001,1
GMW000000102376001,1
GMW000000102377001,1
GMW000000102378001,1
GMW000000102379001,1
GMW000000102380001,1
GMW000000102381001,1
GMW000000102382001,1
GMW000000102383001,1
GMW000000102384001,1
GMW000000102385001,1
GMW000000102386001,1
GMW000000102387001,1
GMW000000102388001,1
GMW000000102389001,1
GMW000000102390001,1
GMW000000102391001,1
GMW000000102392001,1
GMW000000102393001,1
GMW000000102394001,1
GMW000000102395001,1
GMW000000102396001,1
GMW000000102397001,1
GMW000000102398001,1
GMW000000102399001,1
GMW000000102400001,1
GMW000000102401001,1
GMW000000102402001,1
GMW000000102403001,1
GMW000000102404001,1
GMW000000102405001,1
GMW000000102406001,1
GMW000000102407001,1
GMW000000102408001,1
GMW000000102409001,1
GMW000000102410001,1
GMW000000102411001,1
GMW000000102412001,1
GMW000000102413001,1
GMW000000102414001,1
GMW000000102415001,1
GMW000000102416001,1
GMW000000102417001,1
GMW000000102418001,1
GMW000000102419001,1
GMW000000102420001,1
GMW000000102421001,1
GMW000000102422001,1
GMW000000102423001,1
GMW000000102424001,1
GMW000000102425001,1
GMW000000102426001,1
GMW000000102427001,1
GMW000000102428001,1
GMW000000102429001,1
GMW000000102430001,1
GMW000000102431001,1
GMW000000102432001,1
GMW000000102433001,1
GMW000000102434001,1
GMW000000102435001,1
GMW000000102436001,1
GMW000000102437001,1
GMW000000102438001,1
GMW000000102439001,1
GMW000000102440001,1
GMW000000102441001,1
GMW000000102442001,1
GMW000000102443001,1
GMW000000102444001,1
GMW000000102445001,1
GMW000000102446001,1
GMW000000102447001,1
GMW000000102448001,1
GMW000000102449001,1
GMW000000102450001,1
GMW000000102451001,1
GMW000000102452001,1
GMW000000102453001,1
GMW000000102454001,1
GMW000000102455001,1
GMW000000102456001,1
GMW000000102457001,1
GMW000000102458001,1
GMW000000102459001,1
GMW000000102471001,1
GMW000000102472001,1
GMW000000102473001,1
GMW000000102474001,1
GMW000000102475001,1
GMW000000102476001,1
GMW000000102477001,1
GMW000000102478001,1
GMW000000102479001,1
GMW000000102480001,1
GMW000000102481001,1
GMW000000102482001,1
GMW000000102483001,1
GMW000000102484001,1
GMW000000102485001,1
GMW000000102486001,1
GMW000000102487001,1
GMW000000102488001,1
GMW000000102489001,1
GMW000000102490001,1
GMW000000102491001,1
GMW000000102492001,1
GMW000000102493001,1
GMW000000102494001,1
GMW000000102495001,1
GMW000000102496001,1
GMW000000102497001,1
GMW000000102498001,1
GMW000000102499001,1
GMW000000102500001,1
GMW000000102501001,1
GMW000000102502001,1
GMW000000102503001,1
GMW000000102504001,1
GMW000000102505001,1
GMW000000102506001,1
GMW000000102507001,1
GMW000000102508001,1
GMW000000102509001,1
GMW000000102510001,1
GMW000000102511001,1
GMW000000102512001,1
GMW000000102513001,1
GMW000000102514001,1
GMW000000102515001,1
GMW000000102516001,1
GMW000000102517001,1
GMW000000102518001,1
GMW000000102519001,1
GMW000000102520001,1
GMW000000102521001,1
GMW000000102522001,1
GMW000000102523001,1
GMW000000102524001,1
GMW000000102525001,1
GMW000000102526001,1
GMW000000102527001,1
GMW000000102528001,1
GMW000000102529001,1
GMW000000102530001,1
GMW000000102531001,1
GMW000000102532001,1
GMW000000102533001,1
GMW000000102534001,1
GMW000000102535001,1
GMW000000102536001,1
GMW000000102537001,1
GMW000000102538001,1
GMW000000102539001,1
GMW000000102540001,1
GMW000000102541001,1
GMW000000102542001,1
GMW000000102543001,1
GMW000000102544001,1
GMW000000102545001,1
GMW000000102546001,1
GMW000000102547001,1
GMW000000102548001,1
GMW000000102549001,1
GMW000000102550001,1
GMW000000102551001,1
GMW000000102552001,1
GMW000000102553001,1
GMW000000102554001,1
GMW000000102555001,1
GMW000000102556001,1
GMW000000102557001,1
GMW000000102558001,1
GMW000000102559001,1
GMW000000102560001,1
GMW000000102561001,1
GMW000000102562001,1
GMW000000102563001,1
GMW000000102564001,1
GMW000000102565001,1
GMW000000102566001,1
GMW000000102567001,1
GMW000000102568001,1
GMW000000102569001,1
GMW000000102570001,1
GMW000000102571001,1
GMW000000102572001,1
GMW000000102573001,1
GMW000000102574001,1
GMW000000102575001,1
GMW000000102576001,1
GMW000000102577001,1
GMW000000102578001,1
GMW000000102579001,1
GMW000000102580001,1
GMW000000102581001,1
GMW000000102582001,1
GMW000000102583001,1
GMW000000102584001,1
GMW000000102585001,1
GMW000000102586001,1
GMW000000102587001,1
GMW000000102588001,1
GMW000000102589001,1
GMW000000102590001,1
GMW000000102591001,1
GMW000000102592001,1
GMW000000102593001,1
GMW000000102594001,1
GMW000000102595001,1
GMW000000102596001,1
GMW000000102597001,1
GMW000000102598001,1
GMW000000102599001,1
GMW000000102600001,1
GMW000000102601001,1
GMW000000102602001,1
GMW000000102603001,1
GMW000000102604001,1
GMW000000102605001,1
GMW000000102606001,1
GMW000000102607001,1
GMW000000102608001,1
GMW000000102609001,1
GMW000000102610001,1
GMW000000102611001,1
GMW000000102612001,1
GMW000000102613001,1
GMW000000102614001,1
GMW000000102615001,1
GMW000000102616001,1
GMW000000102617001,1
GMW000000102618001,1
GMW000000102619001,1
GMW000000102620001,1
GMW000000102621001,1
GMW000000102622001,1
GMW000000102623001,1
GMW000000102624001,1
GMW000000102625001,1
GMW000000102626001,1
GMW000000102627001,1
GMW000000102628001,1
GMW000000102629001,1
GMW000000102630001,1
GMW000000102631001,1
GMW000000102632001,1
GMW000000102633001,1
GMW000000102634001,1
GMW000000102635001,1
GMW000000102636001,1
GMW000000102637001,1
GMW000000102638001,1
GMW000000102639001,1
GMW000000102640001,1
GMW000000102641001,1
GMW000000102642001,1
GMW000000102643001,1
GMW000000102644001,1
GMW000000102645001,1
GMW000000102646001,1
GMW000000102647001,1
GMW000000102648001,1
GMW000000102649001,1
GMW000000102650001,1
GMW000000102651001,1
GMW000000102652001,1
GMW000000102653001,1
GMW000000102654001,1
GMW000000102655001,1
GMW000000102656001,1
GMW000000102657001,1
GMW000000102658001,1
GMW000000102659001,1
GMW000000102660001,1
GMW000000102661001,1
GMW000000102662001,1
GMW000000102663001,1
GMW000000102664001,1
GMW000000102665001,1
GMW000000102666001,1
GMW000000102667001,1
GMW000000102668001,1
GMW000000102669001,1
GMW000000102670001,1
GMW000000102671001,1
GMW000000102672001,1
GMW000000102673001,1
GMW000000102674001,1
GMW000000102675001,1
GMW000000102676001,1
GMW000000102677001,1
GMW000000102678001,1
GMW000000102679001,1
GMW000000102680001,1
GMW000000102681001,1
GMW000000102682001,1
GMW000000102683001,1
GMW000000102684001,1
GMW000000102685001,1
GMW000000102686001,1
GMW000000102687001,1
GMW000000102688001,1
GMW000000102689001,1
GMW000000102690001,1
GMW000000102691001,1
GMW000000102692001,1
GMW000000102693001,1
GMW000000102694001,1
GMW000000102695001,1
GMW000000102696001,1
GMW000000102697001,1
GMW000000102698001,1
GMW000000102699001,1
GMW000000102700001,1
GMW000000102701001,1
GMW000000102702001,1
GMW000000102703001,1
GMW000000102704001,1
GMW000000102705001,1
GMW000000102706001,1
GMW000000102711001,1
GMW000000102712001,1
GMW000000102713001,1
GMW000000102714001,1
GMW000000102715001,1
GMW000000102716001,1
GMW000000102717001,1
GMW000000102718001,1
GMW000000102719001,1
GMW000000102720001,1
GMW000000102721001,1
GMW000000102722001,1
GMW000000102723001,1
GMW000000102724001,1
GMW000000102725001,1
GMW000000102726001,1
GMW000000102727001,1
GMW000000102728001,1
GMW000000102729001,1
GMW000000102730001,1
GMW000000102731001,1
GMW000000102732001,1
GMW000000102733001,1
GMW000000102734001,1
GMW000000102735001,1
GMW000000102736001,1
GMW000000102737001,1
GMW000000102738001,1
GMW000000102739001,1
GMW000000102740001,1
GMW000000102741001,1
GMW000000102742001,1
GMW000000102743001,1
GMW000000102744001,1
GMW000000102745001,1
GMW000000102746001,1
GMW000000102747001,1
GMW000000102748001,1
GMW000000102749001,1
GMW000000102750001,1
GMW000000102751001,1
GMW000000102752001,1
GMW000000102753001,1
GMW000000102754001,1
GMW000000102755001,1
GMW000000102756001,1
GMW000000102757001,1
GMW000000102758001,1
GMW000000102759001,1
GMW000000102760001,1
GMW000000102761001,1
GMW000000102762001,1
GMW000000102763001,1
GMW000000102764001,1
GMW000000102765001,1
GMW000000102766001,1
GMW000000102767001,1
GMW000000102768001,1
GMW000000102769001,1
GMW000000102770001,1
GMW000000102771001,1
GMW000000102772001,1
GMW000000102773001,1
GMW000000102774001,1
GMW000000102775001,1
GMW000000102776001,1
GMW000000102777001,1
GMW000000102778001,1
GMW000000102779001,1
GMW000000102780001,1
GMW000000102781001,1
GMW000000102782001,1
GMW000000102783001,1
GMW000000102784001,1
GMW000000102785001,1
GMW000000102786001,1
GMW000000102787001,1
GMW000000102788001,1
GMW000000102789001,1
GMW000000102790001,1
GMW000000102791001,1
GMW000000102792001,1
GMW000000102793001,1
GMW000000102794001,1
GMW000000102795001,1
GMW000000102796001,1
GMW000000102797001,1
GMW000000102798001,1
GMW000000102799001,1
GMW000000102800001,1
GMW000000102801001,1
GMW000000102802001,1
GMW000000102803001,1
GMW000000102804001,1
GMW000000102805001,1
GMW000000102806001,1
GMW000000102807001,1
GMW000000102808001,1
GMW000000102809001,1
GMW000000102810001,1
GMW000000102811001,1
GMW000000102812001,1
GMW000000102813001,1
GMW000000102814001,1
GMW000000102815001,1
GMW000000102816001,1
GMW000000102817001,1
GMW000000102818001,1
GMW000000102819001,1
GMW000000102820001,1
GMW000000102821001,1
GMW000000102822001,1
GMW000000102823001,1
GMW000000102824001,1
GMW000000102825001,1
GMW000000102826001,1
GMW000000102827001,1
GMW000000102828001,1
GMW000000102829001,1
GMW000000102830001,1
GMW000000102831001,1
GMW000000102832001,1
GMW000000102833001,1
GMW000000102834001,1
GMW000000102835001,1
GMW000000102836001,1
GMW000000102837001,1
GMW000000102838001,1
GMW000000102839001,1
GMW000000102840001,1
GMW000000102841001,1
GMW000000102842001,1
GMW000000102843001,1
GMW000000102844001,1
GMW000000102845001,1
GMW000000102846001,1
GMW000000102847001,1
GMW000000102848001,1
GMW000000102849001,1
GMW000000102850001,1
GMW000000102851001,1
GMW000000102852001,1
GMW000000102853001,1
GMW000000102854001,1
GMW000000102855001,1
GMW000000102856001,1
GMW000000102857001,1
GMW000000102858001,1
GMW000000102859001,1
GMW000000102860001,1
GMW000000102861001,1
GMW000000102862001,1
GMW000000102863001,1
GMW000000102864001,1
GMW000000102865001,1
GMW000000102866001,1
GMW000000102867001,1
GMW000000102868001,1
GMW000000102869001,1
GMW000000102870001,1
GMW000000102871001,1
GMW000000102872001,1
GMW000000102873001,1
GMW000000102874001,1
GMW000000102875001,1
GMW000000102876001,1
GMW000000102877001,1
GMW000000102878001,1
GMW000000102879001,1
GMW000000102880001,1
GMW000000102881001,1
GMW000000102882001,1
GMW000000102883001,1
GMW000000102884001,1
GMW000000102885001,1
GMW000000102886001,1
GMW000000102887001,1
GMW000000102888001,1
GMW000000102889001,1
GMW000000102890001,1
GMW000000102891001,1
GMW000000102892001,1
GMW000000102893001,1
GMW000000102894001,1
GMW000000102895001,1
GMW000000102896001,1
GMW000000102897001,1
GMW000000102898001,1
GMW000000102899001,1
GMW000000102900001,1
GMW000000102901001,1
GMW000000102902001,1
GMW000000102903001,1
GMW000000102911001,1
GMW000000102912001,1
GMW000000102913001,1
GMW000000102914001,1
GMW000000102915001,1
GMW000000102916001,1
GMW000000102917001,1
GMW000000102918001,1
GMW000000102919001,1
GMW000000102920001,1
GMW000000102921001,1
GMW000000102922001,1
GMW000000102923001,1
GMW000000102931001,1
GMW000000103611001,1
GMW000000103651001,1
GMW000000103731001,1
GMW000000103771001,1
GMW000000103791001,1
GMW000000103831001,1
GMW000000103851001,1
GMW000000103871001,1
GMW000000103872001,1
GMW000000103911001,1
GMW000000103911002,2
GMW000000103951001,1
GMW000000103952001,1
GMW000000103953001,1
GMW000000103954001,1
GMW000000103955001,1
GMW000000103971001,1
GMW000000103991001,1
GMW000000108055001,1
GMW000000108414001,1
GMW000000108551001,1
GMW000000108552001,1
GMW000000108553136,136
GMW000000108554137,137
GMW000000108555138,138
GMW000000108556001,1
GMW000000108557001,1
GMW000000108558001,1
GMW000000108591001,1
GMW000000108611001,1
GMW000000108631001,1
GMW000000110351001,1
GMW000000110371001,1
GMW000000110372001,1
GMW000000110373001,1
GMW000000110391001,1
GMW000000110392188,188
GMW000000110393189,189
GMW000000110394208,208
GMW000000110511001,1
GMW000000110512001,1
GMW000000110531001,1
GMW000000110551001,1
GMW000000110552001,1
GMW000000110553001,1
GMW000000110554001,1
GMW000000110555001,1
GMW000000110571001,1
GMW000000110671001,1
GMW000000110831001,1
GMW000000110832001,1
GMW000000110833001,1
GMW000000110834001,1
GMW000000110835001,1
GMW000000110836001,1
GMW000000110837001,1
GMW000000111071001,1
GMW000000111072001,1
GMW000000111091001,1
GMW000000111111001,1
GMW000000111131001,1
GMW000000111132001,1
GMW000000111133001,1
GMW000000111134001,1
GMW000000111135001,1
GMW000000111136001,1
GMW000000111151001,1
GMW000000111152001,1
GMW000000111171001,1
GMW000000111971001,1
GMW000000111972001,1
GMW000000111973001,1
GMW000000112171001,1
GMW000000112172001,1
GMW000000112173001,1
GMW000000112174001,1
GMW000000112175001,1
GMW000000112251001,1
GMW000000112252001,1
GMW000000112253001,1
GMW000000112254001,1
GMW000000112255001,1
GMW000000112256001,1
GMW000000112291001,1
GMW000000112292001,1
GMW000000112293001,1
GMW000000112294001,1
GMW000000112295001,1
GMW000000112351001,1
GMW000000112352001,1
GMW000000112353001,1
GMW000000112354001,1
GMW000000112355001,1
GMW000000112356001,1
GMW000000112357001,1
GMW000000112358001,1
GMW000000112359001,1
GMW000000112360001,1
GMW000000112371001,1
GMW000000112391001,1
GMW000000112392001,1
GMW000000112393001,1
GMW000000112394001,1
GMW000000112395001,1
